<?xml version="1.0" encoding="UTF-8"?>
<PublicationDelivery xmlns:xsi="http://www.w3.org/2001/XMLSchema-instance"
    xsi:schemaLocation="http://www.netex.org.uk/netex ../../xsd/NeTEx_publication.xsd" xmlns="http://www.netex.org.uk/netex"
    xmlns:xlink="http://www.w3.org/1999/xlink" xmlns:ifopt="http://www.ifopt.org.uk/ifopt"
    xmlns:gml="http://www.opengis.net/gml/3.2" xmlns:core="http://www.govtalk.gov.uk/core"
    xmlns:siri="http://www.siri.org.uk/siri" version="1.0">
    <PublicationTimestamp>2017-02-14T09:13:51.0</PublicationTimestamp>
    <ParticipantRef>CITYWAY</ParticipantRef>
    <dataObjects>
        <GeneralFrame id="CITYWAY:GeneralFrame:NETEX_CALENDRIER-1_20170214090012:LOC" version="any">
            <ValidBetween>
                <FromDate>2017-04-01T00:00:00</FromDate>
                <ToDate>2017-12-31T00:00:00</ToDate>
            </ValidBetween>
            <TypeOfFrameRef ref="NETEX_CALENDRIER"/>
            <members>
                <DayType id="CITYWAY:DayType:1:LOC" version="any">
                    <Name>Semaine</Name>
                    <properties>
                        <PropertyOfDay>
                            <DaysOfWeek>Monday</DaysOfWeek>
                        </PropertyOfDay>
                        <PropertyOfDay>
                            <DaysOfWeek>Tuesday</DaysOfWeek>
                        </PropertyOfDay>
                        <PropertyOfDay>
                            <DaysOfWeek>Wednesday</DaysOfWeek>
                        </PropertyOfDay>
                        <PropertyOfDay>
                            <DaysOfWeek>Thursday</DaysOfWeek>
                        </PropertyOfDay>
                        <PropertyOfDay>
                            <DaysOfWeek>Friday</DaysOfWeek>
                        </PropertyOfDay>
                    </properties>
                </DayType>
                <DayType id="CITYWAY:DayType:2:LOC" version="any">
                    <Name>Fin de semaine</Name>
                    <properties>
                        <PropertyOfDay>
                            <DaysOfWeek>Saturday</DaysOfWeek>
                        </PropertyOfDay>
                        <PropertyOfDay>
                            <DaysOfWeek>Sunday</DaysOfWeek>
                        </PropertyOfDay>
                    </properties>
                </DayType>
                <DayType id="CITYWAY:DayType:3:LOC" version="any">
                    <Name>Service spécial</Name>
                </DayType>
                <DayType id="CITYWAY:DayType:4:LOC" version="any">
                    <Name>Restriction</Name>
                </DayType>
                <DayTypeAssignment id="dta1" version="any" order="0">
                    <OperatingPeriodRef ref="CITYWAY:OperatingPeriod:1:LOC" version="any"/>
                    <DayTypeRef ref="CITYWAY:DayType:1:LOC" version="any"/>
                </DayTypeAssignment>
                <DayTypeAssignment id="dta2" version="any" order="0">
                    <OperatingPeriodRef ref="CITYWAY:OperatingPeriod:1:LOC" version="any"/>
                    <DayTypeRef ref="CITYWAY:DayType:2:LOC" version="any"/>
                </DayTypeAssignment>
                <DayTypeAssignment id="dta3" version="any" order="0">
                    <Date>2017-03-15</Date>
                    <DayTypeRef ref="CITYWAY:DayType:3:LOC" version="any"/>
                    <isAvailable>true</isAvailable>
                </DayTypeAssignment>
                <DayTypeAssignment id="dta4" version="any" order="0">
                    <Date>2017-03-15</Date>
                    <DayTypeRef ref="CITYWAY:DayType:4:LOC" version="any"/>
                    <isAvailable>false</isAvailable>
                </DayTypeAssignment>
                <OperatingPeriod id="CITYWAY:OperatingPeriod:1:LOC" version="any">
                    <FromDate>2017-01-01T00:00:00</FromDate>
                    <ToDate>2017-12-31T00:00:00</ToDate>
                </OperatingPeriod>

            </members>
        </GeneralFrame>
    </dataObjects>
</PublicationDelivery>
