﻿<?xml version="1.0" encoding="utf-8"?>
<ChouettePTNetwork xmlns:xsd="http://www.w3.org/2001/XMLSchema" xmlns:xsi="http://www.w3.org/2001/XMLSchema-instance" xmlns:ifopt="http://www.ifopt.org.uk/acsb" xmlns:siri="http://www.siri.org.uk/siri" xmlns="http://www.trident.org/schema/trident">
  <PTNetwork>
    <objectId>NAVSTEX:PTNetwork:21</objectId>
    <objectVersion>1</objectVersion>
    <versionDate>2017-07-06</versionDate>
    <name>Aéroports de Lyon</name>
    <registration>
      <registrationNumber>21</registrationNumber>
    </registration>
  </PTNetwork>
  <GroupOfLine>
    <objectId>NAVSTEX:GroupOfLine:REG</objectId>
    <objectVersion>1</objectVersion>
    <name>REG</name>
    <lineId>NAVSTEX:Line:GRENOB</lineId>
    <comment />
  </GroupOfLine>
  <Company>
    <objectId>NAVSTEX:Company:1</objectId>
    <objectVersion>1</objectVersion>
    <name>Région Rhône Alpes</name>
    <registration>
      <registrationNumber>1</registrationNumber>
    </registration>
  </Company>
  <ChouetteArea>
    <StopArea>
      <objectId>ITINISERE:StopArea:log66652</objectId>
      <objectVersion>1</objectVersion>
      <name>GARE ROUTIERE</name>
      <contains>NAVSTEX:StopArea:gen6</contains>
      <StopAreaExtension>
        <areaType>StopPlace</areaType>
      </StopAreaExtension>
    </StopArea>
    <StopArea>
      <objectId>NAVSTEX:StopArea:gen6</objectId>
      <objectVersion>1</objectVersion>
      <name>Grenoble Gare Routière</name>
      <contains>NAVSTEX:StopArea:6</contains>
      <centroidOfArea>NAVSTEX:Place:gen6</centroidOfArea>
      <StopAreaExtension>
        <areaType>CommercialStopPoint</areaType>
        <nearestTopicName>GRENOBLE</nearestTopicName>
        <fareCode>65</fareCode>
      </StopAreaExtension>
    </StopArea>
    <StopArea>
      <objectId>NAVSTEX:StopArea:6</objectId>
      <objectVersion>1</objectVersion>
      <name>Gare Routière</name>
      <contains>NAVSTEX:StopPoint:1</contains>
      <contains>NAVSTEX:StopPoint:6</contains>
      <centroidOfArea>NAVSTEX:Place:6</centroidOfArea>
      <comment>6</comment>
      <StopAreaExtension>
        <areaType>BoardingPosition</areaType>
        <fareCode>0</fareCode>
        <mobilityRestrictedSuitability>true</mobilityRestrictedSuitability>
      </StopAreaExtension>
    </StopArea>
    <StopArea>
      <objectId>ITINISERE:StopArea:log58657</objectId>
      <objectVersion>1</objectVersion>
      <name>PRESQU'ILE</name>
      <contains>NAVSTEX:StopArea:gen5</contains>
      <StopAreaExtension>
        <areaType>StopPlace</areaType>
      </StopAreaExtension>
    </StopArea>
    <StopArea>
      <objectId>NAVSTEX:StopArea:gen5</objectId>
      <objectVersion>1</objectVersion>
      <name>Grenoble Presqu'île</name>
      <contains>NAVSTEX:StopArea:5</contains>
      <centroidOfArea>NAVSTEX:Place:gen5</centroidOfArea>
      <StopAreaExtension>
        <areaType>CommercialStopPoint</areaType>
        <nearestTopicName>GRENOBLE</nearestTopicName>
        <fareCode>65</fareCode>
      </StopAreaExtension>
    </StopArea>
    <StopArea>
      <objectId>NAVSTEX:StopArea:5</objectId>
      <objectVersion>1</objectVersion>
      <name>Presqu'île</name>
      <contains>NAVSTEX:StopPoint:2</contains>
      <contains>NAVSTEX:StopPoint:5</contains>
      <centroidOfArea>NAVSTEX:Place:5</centroidOfArea>
      <comment>5</comment>
      <StopAreaExtension>
        <areaType>BoardingPosition</areaType>
        <fareCode>0</fareCode>
        <mobilityRestrictedSuitability>true</mobilityRestrictedSuitability>
      </StopAreaExtension>
    </StopArea>
    <StopArea>
      <objectId>ITINISERE:StopArea:log14898</objectId>
      <objectVersion>1</objectVersion>
      <name>Aéroport Lyon Sy Exupéry</name>
      <contains>NAVSTEX:StopArea:gen4</contains>
      <StopAreaExtension>
        <areaType>StopPlace</areaType>
      </StopAreaExtension>
    </StopArea>
    <StopArea>
      <objectId>NAVSTEX:StopArea:gen4</objectId>
      <objectVersion>1</objectVersion>
      <name>Aéroport Lyon Sy Exupéry</name>
      <contains>NAVSTEX:StopArea:4</contains>
      <centroidOfArea>NAVSTEX:Place:gen4</centroidOfArea>
      <StopAreaExtension>
        <areaType>CommercialStopPoint</areaType>
        <nearestTopicName>LYON</nearestTopicName>
        <fareCode>82072</fareCode>
      </StopAreaExtension>
    </StopArea>
    <StopArea>
      <objectId>NAVSTEX:StopArea:4</objectId>
      <objectVersion>1</objectVersion>
      <name>Aéroport Lyon Sy Exupéry</name>
      <contains>NAVSTEX:StopPoint:3</contains>
      <contains>NAVSTEX:StopPoint:4</contains>
      <centroidOfArea>NAVSTEX:Place:4</centroidOfArea>
      <comment>4</comment>
      <StopAreaExtension>
        <areaType>BoardingPosition</areaType>
        <fareCode>0</fareCode>
        <mobilityRestrictedSuitability>true</mobilityRestrictedSuitability>
      </StopAreaExtension>
    </StopArea>
    <AreaCentroid>
      <objectId>NAVSTEX:Place:6</objectId>
      <objectVersion>1</objectVersion>
      <longitude>5.7144566081</longitude>
      <latitude>45.1915189333</latitude>
      <longLatType>WGS84</longLatType>
      <address>
        <countryCode>38185</countryCode>
      </address>
      <projectedPoint>
        <X>865439.004138982</X>
        <Y>2026920.98728855</Y>
        <projectionType>EPSG:27572</projectionType>
      </projectedPoint>
      <containedIn>NAVSTEX:StopArea:6</containedIn>
      <name>Gare Routière</name>
    </AreaCentroid>
    <AreaCentroid>
      <objectId>NAVSTEX:Place:gen6</objectId>
      <objectVersion>1</objectVersion>
      <longitude>5.7144566081</longitude>
      <latitude>45.1915189333</latitude>
      <longLatType>WGS84</longLatType>
      <address>
        <countryCode>38185</countryCode>
      </address>
      <projectedPoint>
        <X>865439.004138982</X>
        <Y>2026920.98728855</Y>
        <projectionType>EPSG:27572</projectionType>
      </projectedPoint>
      <containedIn>NAVSTEX:StopArea:gen6</containedIn>
      <name>Grenoble Gare Routière</name>
    </AreaCentroid>
    <AreaCentroid>
      <objectId>NAVSTEX:Place:5</objectId>
      <objectVersion>1</objectVersion>
      <longitude>5.7008428097</longitude>
      <latitude>45.2051586096</latitude>
      <longLatType>WGS84</longLatType>
      <address>
        <countryCode>38185</countryCode>
      </address>
      <projectedPoint>
        <X>864305.004139701</X>
        <Y>2028389.98728914</Y>
        <projectionType>EPSG:27572</projectionType>
      </projectedPoint>
      <containedIn>NAVSTEX:StopArea:5</containedIn>
      <name>Presqu'île</name>
    </AreaCentroid>
    <AreaCentroid>
      <objectId>NAVSTEX:Place:gen5</objectId>
      <objectVersion>1</objectVersion>
      <longitude>5.7008428097</longitude>
      <latitude>45.2051586096</latitude>
      <longLatType>WGS84</longLatType>
      <address>
        <countryCode>38185</countryCode>
      </address>
      <projectedPoint>
        <X>864305.004139701</X>
        <Y>2028389.98728914</Y>
        <projectionType>EPSG:27572</projectionType>
      </projectedPoint>
      <containedIn>NAVSTEX:StopArea:gen5</containedIn>
      <name>Grenoble Presqu'île</name>
    </AreaCentroid>
    <AreaCentroid>
      <objectId>NAVSTEX:Place:4</objectId>
      <objectVersion>1</objectVersion>
      <longitude>5.0773950186</longitude>
      <latitude>45.7207999142</latitude>
      <longLatType>WGS84</longLatType>
      <address>
        <countryCode>69123</countryCode>
      </address>
      <projectedPoint>
        <X>813350.004214531</X>
        <Y>2083770.98732662</Y>
        <projectionType>EPSG:27572</projectionType>
      </projectedPoint>
      <containedIn>NAVSTEX:StopArea:4</containedIn>
      <name>Aéroport Lyon Sy Exupéry</name>
    </AreaCentroid>
    <AreaCentroid>
      <objectId>NAVSTEX:Place:gen4</objectId>
      <objectVersion>1</objectVersion>
      <longitude>5.0773950186</longitude>
      <latitude>45.7207999142</latitude>
      <longLatType>WGS84</longLatType>
      <address>
        <countryCode>69123</countryCode>
      </address>
      <projectedPoint>
        <X>813350.004214531</X>
        <Y>2083770.98732662</Y>
        <projectionType>EPSG:27572</projectionType>
      </projectedPoint>
      <containedIn>NAVSTEX:StopArea:gen4</containedIn>
      <name>Aéroport Lyon Sy Exupéry</name>
    </AreaCentroid>
  </ChouetteArea>
  <ChouetteLineDescription>
    <Line>
      <objectId>NAVSTEX:Line:GRENOB</objectId>
      <objectVersion>1</objectVersion>
      <name>ST EXUPERY - GRENOBLE</name>
      <number>GRENOB</number>
      <publishedName>ST EXUPERY - GRENOBLE</publishedName>
      <transportModeName>Coach</transportModeName>
      <routeId>NAVSTEX:Route:GRENOBxA</routeId>
      <routeId>NAVSTEX:Route:GRENOBxR</routeId>
      <registration>
        <registrationNumber>1450</registrationNumber>
      </registration>
    </Line>
    <ChouetteRoute>
      <objectId>NAVSTEX:Route:GRENOBxA</objectId>
      <objectVersion>1</objectVersion>
      <name>ST EXUPERY - GRENOBLE - Aller</name>
      <direction>A</direction>
      <ptLinkId>NAVSTEX:PTLink:1A2</ptLinkId>
      <ptLinkId>NAVSTEX:PTLink:2A3</ptLinkId>
      <journeyPatternId>NAVSTEX:JourneyPattern:GRE01xAx01</journeyPatternId>
      <wayBackRouteId>NAVSTEX:Route:GRENOBxR</wayBackRouteId>
      <RouteExtension>
        <wayBack>A</wayBack>
      </RouteExtension>
    </ChouetteRoute>
    <ChouetteRoute>
      <objectId>NAVSTEX:Route:GRENOBxR</objectId>
      <objectVersion>1</objectVersion>
      <name>ST EXUPERY - GRENOBLE - Retour</name>
      <direction>R</direction>
      <ptLinkId>NAVSTEX:PtLink:4A5</ptLinkId>
      <ptLinkId>NAVSTEX:PtLink:5A6</ptLinkId>
      <journeyPatternId>NAVSTEX:JourneyPattern:GRE01xRx01</journeyPatternId>
      <wayBackRouteId>NAVSTEX:Route:GRENOBxA</wayBackRouteId>
      <RouteExtension>
        <wayBack>R</wayBack>
      </RouteExtension>
    </ChouetteRoute>
    <StopPoint>
      <objectId>NAVSTEX:StopPoint:1</objectId>
      <objectVersion>1</objectVersion>
      <longitude>5.7144566081</longitude>
      <latitude>45.1915189333</latitude>
      <longLatType>WGS84</longLatType>
      <containedIn>NAVSTEX:StopArea:6</containedIn>
      <name>Gare Routière</name>
    </StopPoint>
    <StopPoint>
      <objectId>NAVSTEX:StopPoint:2</objectId>
      <objectVersion>1</objectVersion>
      <longitude>5.7008428097</longitude>
      <latitude>45.2051586096</latitude>
      <longLatType>WGS84</longLatType>
      <containedIn>NAVSTEX:StopArea:5</containedIn>
      <name>Presqu'île</name>
    </StopPoint>
    <StopPoint>
      <objectId>NAVSTEX:StopPoint:3</objectId>
      <objectVersion>1</objectVersion>
      <longitude>5.0773950186</longitude>
      <latitude>45.7207999142</latitude>
      <longLatType>WGS84</longLatType>
      <containedIn>NAVSTEX:StopArea:4</containedIn>
      <name>Aéroport Lyon Sy Exupéry</name>
    </StopPoint>
    <StopPoint>
      <objectId>NAVSTEX:StopPoint:4</objectId>
      <objectVersion>1</objectVersion>
      <longitude>5.0773950186</longitude>
      <latitude>45.7207999142</latitude>
      <longLatType>WGS84</longLatType>
      <containedIn>NAVSTEX:StopArea:4</containedIn>
      <name>Aéroport Lyon Sy Exupéry</name>
    </StopPoint>
    <StopPoint>
      <objectId>NAVSTEX:StopPoint:5</objectId>
      <objectVersion>1</objectVersion>
      <longitude>5.7008428097</longitude>
      <latitude>45.2051586096</latitude>
      <longLatType>WGS84</longLatType>
      <containedIn>NAVSTEX:StopArea:5</containedIn>
      <name>Presqu'île</name>
    </StopPoint>
    <StopPoint>
      <objectId>NAVSTEX:StopPoint:6</objectId>
      <objectVersion>1</objectVersion>
      <longitude>5.7144566081</longitude>
      <latitude>45.1915189333</latitude>
      <longLatType>WGS84</longLatType>
      <containedIn>NAVSTEX:StopArea:6</containedIn>
      <name>Gare Routière</name>
    </StopPoint>
    <PtLink>
      <objectId>NAVSTEX:PTLink:1A2</objectId>
      <startOfLink>NAVSTEX:StopPoint:1</startOfLink>
      <endOfLink>NAVSTEX:StopPoint:2</endOfLink>
      <Comment>SHOWSTOP</Comment>
    </PtLink>
    <PtLink>
      <objectId>NAVSTEX:PTLink:2A3</objectId>
      <startOfLink>NAVSTEX:StopPoint:2</startOfLink>
      <endOfLink>NAVSTEX:StopPoint:3</endOfLink>
      <Comment>SHOWSTOP</Comment>
    </PtLink>
    <PtLink>
      <objectId>NAVSTEX:PtLink:4A5</objectId>
      <startOfLink>NAVSTEX:StopPoint:4</startOfLink>
      <endOfLink>NAVSTEX:StopPoint:5</endOfLink>
    </PtLink>
    <PtLink>
      <objectId>NAVSTEX:PtLink:5A6</objectId>
      <startOfLink>NAVSTEX:StopPoint:5</startOfLink>
      <endOfLink>NAVSTEX:StopPoint:6</endOfLink>
    </PtLink>
    <JourneyPattern>
      <objectId>NAVSTEX:JourneyPattern:GRE01xAx01</objectId>
      <objectVersion>1</objectVersion>
      <name>St Exupéry</name>
      <routeId>NAVSTEX:Route:GRENOBxA</routeId>
      <stopPointList>NAVSTEX:StopPoint:1</stopPointList>
      <stopPointList>NAVSTEX:StopPoint:2</stopPointList>
      <stopPointList>NAVSTEX:StopPoint:3</stopPointList>
      <registration>
        <registrationNumber>8217</registrationNumber>
      </registration>
      <comment />
    </JourneyPattern>
    <JourneyPattern>
      <objectId>NAVSTEX:JourneyPattern:GRE01xRx01</objectId>
      <objectVersion>1</objectVersion>
      <name>Grenoble</name>
      <routeId>NAVSTEX:Route:GRENOBxR</routeId>
      <stopPointList>NAVSTEX:StopPoint:4</stopPointList>
      <stopPointList>NAVSTEX:StopPoint:5</stopPointList>
      <stopPointList>NAVSTEX:StopPoint:6</stopPointList>
      <registration>
        <registrationNumber>8218</registrationNumber>
      </registration>
      <comment />
    </JourneyPattern>
  </ChouetteLineDescription>
</ChouettePTNetwork>