<?xml version="1.0" encoding="UTF-8" standalone="yes"?>
<ChouettePTNetwork xmlns="http://www.trident.org/schema/trident" xmlns:acsb="http://www.ifopt.org.uk/acsb" xmlns:siri="http://www.siri.org.uk/siri">
    <PTNetwork>
        <objectId>toutenbus:PTNetwork:1</objectId>
        <objectVersion>4</objectVersion>
        <creationTime>2017-06-11T11:07:54</creationTime>
        <creatorId>chouette</creatorId>
        <versionDate>2016-03-29</versionDate>
        <name>Tout'enbus</name>
        <registration>
            <registrationNumber>1</registrationNumber>
        </registration>
        <sourceType>TransitOperator</sourceType>
    </PTNetwork>
    <GroupOfLine>
        <objectId>toutenbus:GroupOfLine:2</objectId>
        <objectVersion>4</objectVersion>
        <creationTime>2017-06-11T11:08:55</creationTime>
        <creatorId>chouette</creatorId>
        <name>Lignes scolaires</name>
        <lineId>toutenbus:Line:30</lineId>
    </GroupOfLine>
    <Company>
        <objectId>toutenbus:Company:1</objectId>
        <objectVersion>3</objectVersion>
        <creationTime>2017-09-11T15:53:32</creationTime>
        <creatorId>chouette</creatorId>
        <name>Tout'enbus</name>
        <shortName>TEB</shortName>
        <phone>0475892656</phone>
        <email>contact@toutenbus.fr</email>
        <registration>
            <registrationNumber>1</registrationNumber>
        </registration>
    </Company>
    <ChouetteArea>
        <StopArea>
            <objectId>teb_:StopArea:GALLIMARD_2</objectId>
            <objectVersion>3</objectVersion>
            <creationTime>2016-09-01T09:59:43</creationTime>
            <creatorId>chouette</creatorId>
            <name>Vals Gallimard</name>
            <contains>teb_:StopPoint:398</contains>
            <centroidOfArea>teb_:AreaCentroid:GALLIMARD_2</centroidOfArea>
            <StopAreaExtension>
                <areaType>BoardingPosition</areaType>
                <fareCode>0</fareCode>
                <registration>
                    <registrationNumber>2</registrationNumber>
                </registration>
                <mobilityRestrictedSuitability>false</mobilityRestrictedSuitability>
                <stairsAvailability>false</stairsAvailability>
                <liftAvailability>false</liftAvailability>
            </StopAreaExtension>
        </StopArea>
        <StopArea>
            <objectId>teb_:StopArea:SEREMI</objectId>
            <objectVersion>7</objectVersion>
            <creationTime>2016-09-01T09:24:40</creationTime>
            <creatorId>chouette</creatorId>
            <name>Hameau De La Sérémi</name>
            <contains>teb_:StopPoint:392</contains>
            <contains>teb_:StopPoint:399</contains>
            <centroidOfArea>teb_:AreaCentroid:SEREMI</centroidOfArea>
            <StopAreaExtension>
                <areaType>BoardingPosition</areaType>
                <fareCode>0</fareCode>
                <mobilityRestrictedSuitability>false</mobilityRestrictedSuitability>
                <stairsAvailability>false</stairsAvailability>
                <liftAvailability>false</liftAvailability>
            </StopAreaExtension>
        </StopArea>
        <StopArea>
            <objectId>teb_:StopArea:ECOLE_PRIVEE</objectId>
            <objectVersion>6</objectVersion>
            <creationTime>2016-09-01T09:20:22</creationTime>
            <creatorId>chouette</creatorId>
            <name>Ecole Privée</name>
            <contains>teb_:StopPoint:394</contains>
            <contains>teb_:StopPoint:397</contains>
            <centroidOfArea>teb_:AreaCentroid:ECOLE_PRIVEE</centroidOfArea>
            <StopAreaExtension>
                <areaType>BoardingPosition</areaType>
                <fareCode>0</fareCode>
                <mobilityRestrictedSuitability>false</mobilityRestrictedSuitability>
                <stairsAvailability>false</stairsAvailability>
                <liftAvailability>false</liftAvailability>
            </StopAreaExtension>
        </StopArea>
        <StopArea>
            <objectId>teb_:StopArea:BOURLENC</objectId>
            <objectVersion>5</objectVersion>
            <creationTime>2016-09-01T09:35:48</creationTime>
            <creatorId>chouette</creatorId>
            <name>Mas De Bourlenc</name>
            <contains>teb_:StopPoint:391</contains>
            <contains>teb_:StopPoint:400</contains>
            <centroidOfArea>teb_:AreaCentroid:BOURLENC</centroidOfArea>
            <StopAreaExtension>
                <areaType>BoardingPosition</areaType>
                <fareCode>0</fareCode>
                <mobilityRestrictedSuitability>false</mobilityRestrictedSuitability>
                <stairsAvailability>false</stairsAvailability>
                <liftAvailability>false</liftAvailability>
            </StopAreaExtension>
        </StopArea>
        <StopArea>
            <objectId>teb_:StopArea:COLLEGE_GOUY</objectId>
            <objectVersion>5</objectVersion>
            <creationTime>2016-09-01T09:07:22</creationTime>
            <creatorId>chouette</creatorId>
            <name>Collège Georges Gouy</name>
            <contains>teb_:StopPoint:395</contains>
            <contains>teb_:StopPoint:396</contains>
            <centroidOfArea>teb_:AreaCentroid:COLLEGE_GOUY</centroidOfArea>
            <StopAreaExtension>
                <areaType>BoardingPosition</areaType>
                <fareCode>0</fareCode>
                <mobilityRestrictedSuitability>false</mobilityRestrictedSuitability>
                <stairsAvailability>false</stairsAvailability>
                <liftAvailability>false</liftAvailability>
            </StopAreaExtension>
        </StopArea>
        <AreaCentroid>
            <objectId>teb_:AreaCentroid:GALLIMARD_2</objectId>
            <objectVersion>3</objectVersion>
            <creationTime>2016-09-01T09:59:43</creationTime>
            <creatorId>chouette</creatorId>
            <longitude>4.3661613464355470</longitude>
            <latitude>44.6656723022460940</latitude>
            <longLatType>WGS84</longLatType>
            <address>
                <countryCode>07331</countryCode>
            </address>
            <projectedPoint>
                <X>808289.727452482446096837520599365234375</X>
                <Y>6397221.790890224277973175048828125</Y>
                <projectionType>EPSG:2154</projectionType>
            </projectedPoint>
            <containedIn>teb_:StopArea:GALLIMARD_2</containedIn>
            <name>Vals Gallimard</name>
        </AreaCentroid>
        <AreaCentroid>
            <objectId>teb_:AreaCentroid:SEREMI</objectId>
            <objectVersion>7</objectVersion>
            <creationTime>2016-09-01T09:24:40</creationTime>
            <creatorId>chouette</creatorId>
            <longitude>4.3789746761320940</longitude>
            <latitude>44.6744499221194900</latitude>
            <longLatType>WGS84</longLatType>
            <address>
                <countryCode>07331</countryCode>
            </address>
            <projectedPoint>
                <X>809288.256096229073591530323028564453125</X>
                <Y>6398214.287738905288279056549072265625</Y>
                <projectionType>EPSG:2154</projectionType>
            </projectedPoint>
            <containedIn>teb_:StopArea:SEREMI</containedIn>
            <name>Hameau De La Sérémi</name>
        </AreaCentroid>
        <AreaCentroid>
            <objectId>teb_:AreaCentroid:ECOLE_PRIVEE</objectId>
            <objectVersion>6</objectVersion>
            <creationTime>2016-09-01T09:20:22</creationTime>
            <creatorId>chouette</creatorId>
            <longitude>4.3662400245666500</longitude>
            <latitude>44.6643028259277340</latitude>
            <longLatType>WGS84</longLatType>
            <address>
                <countryCode>07331</countryCode>
            </address>
            <projectedPoint>
                <X>808298.5951726245693862438201904296875</X>
                <Y>6397069.804084091447293758392333984375</Y>
                <projectionType>EPSG:2154</projectionType>
            </projectedPoint>
            <containedIn>teb_:StopArea:ECOLE_PRIVEE</containedIn>
            <name>Ecole Privée</name>
        </AreaCentroid>
        <AreaCentroid>
            <objectId>teb_:AreaCentroid:BOURLENC</objectId>
            <objectVersion>5</objectVersion>
            <creationTime>2016-09-01T09:35:48</creationTime>
            <creatorId>chouette</creatorId>
            <longitude>4.3755812644958500</longitude>
            <latitude>44.6773185729980500</latitude>
            <longLatType>WGS84</longLatType>
            <address>
                <countryCode>07331</countryCode>
            </address>
            <projectedPoint>
                <X>809013.79370534396730363368988037109375</X>
                <Y>6398528.188661803491413593292236328125</Y>
                <projectionType>EPSG:2154</projectionType>
            </projectedPoint>
            <containedIn>teb_:StopArea:BOURLENC</containedIn>
            <name>Mas De Bourlenc</name>
        </AreaCentroid>
        <AreaCentroid>
            <objectId>teb_:AreaCentroid:COLLEGE_GOUY</objectId>
            <objectVersion>5</objectVersion>
            <creationTime>2016-09-01T09:07:22</creationTime>
            <creatorId>chouette</creatorId>
            <longitude>4.3644099235534670</longitude>
            <latitude>44.6686210632324200</latitude>
            <longLatType>WGS84</longLatType>
            <address>
                <countryCode>07331</countryCode>
            </address>
            <projectedPoint>
                <X>808145.2541803638450801372528076171875</X>
                <Y>6397546.881215122528374195098876953125</Y>
                <projectionType>EPSG:2154</projectionType>
            </projectedPoint>
            <containedIn>teb_:StopArea:COLLEGE_GOUY</containedIn>
            <name>Collège Georges Gouy</name>
        </AreaCentroid>
    </ChouetteArea>
    <ConnectionLink>
        <objectId>teb_:ConnectionLink:GALLIMARD_2_GALLIMARD_1</objectId>
        <objectVersion>2</objectVersion>
        <creationTime>2016-08-23T16:59:48</creationTime>
        <creatorId>chouette</creatorId>
        <name>from Vals Gallimard to Vals Gallimard</name>
        <startOfLink>teb_:StopArea:GALLIMARD_2</startOfLink>
        <endOfLink>teb_:StopArea:GALLIMARD_1</endOfLink>
        <linkType>Overground</linkType>
        <defaultDuration>PT30.000S</defaultDuration>
        <frequentTravellerDuration>PT0.000S</frequentTravellerDuration>
        <occasionalTravellerDuration>PT0.000S</occasionalTravellerDuration>
        <mobilityRestrictedTravellerDuration>PT0.000S</mobilityRestrictedTravellerDuration>
        <mobilityRestrictedSuitability>false</mobilityRestrictedSuitability>
        <stairsAvailability>false</stairsAvailability>
        <liftAvailability>false</liftAvailability>
    </ConnectionLink>
    <ConnectionLink>
        <objectId>teb_:ConnectionLink:GALLIMARD_2_GALLIMARD_2</objectId>
        <objectVersion>1</objectVersion>
        <creationTime>2016-03-26T00:21:28</creationTime>
        <name>from Vals Gallimard to Vals Gallimard</name>
        <startOfLink>teb_:StopArea:GALLIMARD_2</startOfLink>
        <endOfLink>teb_:StopArea:GALLIMARD_2</endOfLink>
        <linkType>Overground</linkType>
        <mobilityRestrictedSuitability>false</mobilityRestrictedSuitability>
        <stairsAvailability>false</stairsAvailability>
        <liftAvailability>false</liftAvailability>
    </ConnectionLink>
    <ConnectionLink>
        <objectId>teb_:ConnectionLink:GALLIMARD_1_GALLIMARD_2</objectId>
        <objectVersion>2</objectVersion>
        <creationTime>2016-08-23T17:02:17</creationTime>
        <creatorId>chouette</creatorId>
        <name>from Vals Gallimard to Vals Gallimard</name>
        <startOfLink>teb_:StopArea:GALLIMARD_1</startOfLink>
        <endOfLink>teb_:StopArea:GALLIMARD_2</endOfLink>
        <linkType>Overground</linkType>
        <defaultDuration>PT30.000S</defaultDuration>
        <frequentTravellerDuration>PT0.000S</frequentTravellerDuration>
        <occasionalTravellerDuration>PT0.000S</occasionalTravellerDuration>
        <mobilityRestrictedTravellerDuration>PT0.000S</mobilityRestrictedTravellerDuration>
        <mobilityRestrictedSuitability>false</mobilityRestrictedSuitability>
        <stairsAvailability>false</stairsAvailability>
        <liftAvailability>false</liftAvailability>
    </ConnectionLink>
    <Timetable>
        <objectId>toutenbus:Timetable:1819-04_1</objectId>
        <objectVersion>3</objectVersion>
        <creationTime>2018-08-26T22:21:24</creationTime>
        <creatorId>chouette</creatorId>
        <version>2018-19-Me-Sco-03.09</version>
        <calendarDay>2018-09-05</calendarDay>
        <calendarDay>2018-09-12</calendarDay>
        <calendarDay>2018-09-19</calendarDay>
        <calendarDay>2018-09-26</calendarDay>
        <calendarDay>2018-10-03</calendarDay>
        <calendarDay>2018-10-10</calendarDay>
        <calendarDay>2018-10-17</calendarDay>
        <calendarDay>2018-11-07</calendarDay>
        <calendarDay>2018-11-14</calendarDay>
        <calendarDay>2018-11-21</calendarDay>
        <calendarDay>2018-11-28</calendarDay>
        <calendarDay>2018-12-05</calendarDay>
        <calendarDay>2018-12-12</calendarDay>
        <calendarDay>2018-12-19</calendarDay>
        <calendarDay>2019-01-09</calendarDay>
        <calendarDay>2019-01-16</calendarDay>
        <calendarDay>2019-01-23</calendarDay>
        <calendarDay>2019-01-30</calendarDay>
        <calendarDay>2019-02-06</calendarDay>
        <calendarDay>2019-02-13</calendarDay>
        <calendarDay>2019-03-06</calendarDay>
        <calendarDay>2019-03-13</calendarDay>
        <calendarDay>2019-03-20</calendarDay>
        <calendarDay>2019-03-27</calendarDay>
        <calendarDay>2019-04-03</calendarDay>
        <calendarDay>2019-04-10</calendarDay>
        <calendarDay>2019-05-15</calendarDay>
        <calendarDay>2019-05-22</calendarDay>
        <calendarDay>2019-05-29</calendarDay>
        <calendarDay>2019-06-05</calendarDay>
        <calendarDay>2019-06-12</calendarDay>
        <calendarDay>2019-06-19</calendarDay>
        <calendarDay>2019-06-26</calendarDay>
        <calendarDay>2019-07-03</calendarDay>
        <dayType>Wednesday</dayType>
        <vehicleJourneyId>teb_:VehicleJourney:224</vehicleJourneyId>
        <comment>2018-19 / Me Période Scolaire 3/09</comment>
    </Timetable>
    <Timetable>
        <objectId>toutenbus:Timetable:1819-03_1</objectId>
        <objectVersion>5</objectVersion>
        <creationTime>2018-08-26T23:24:51</creationTime>
        <creatorId>chouette</creatorId>
        <version>2018-19-LMJV-Sco-03.09</version>
        <calendarDay>2018-09-03</calendarDay>
        <calendarDay>2018-09-04</calendarDay>
        <calendarDay>2018-09-06</calendarDay>
        <calendarDay>2018-09-07</calendarDay>
        <calendarDay>2018-09-10</calendarDay>
        <calendarDay>2018-09-11</calendarDay>
        <calendarDay>2018-09-13</calendarDay>
        <calendarDay>2018-09-14</calendarDay>
        <calendarDay>2018-09-17</calendarDay>
        <calendarDay>2018-09-18</calendarDay>
        <calendarDay>2018-09-20</calendarDay>
        <calendarDay>2018-09-21</calendarDay>
        <calendarDay>2018-09-24</calendarDay>
        <calendarDay>2018-09-25</calendarDay>
        <calendarDay>2018-09-27</calendarDay>
        <calendarDay>2018-09-28</calendarDay>
        <calendarDay>2018-10-01</calendarDay>
        <calendarDay>2018-10-02</calendarDay>
        <calendarDay>2018-10-04</calendarDay>
        <calendarDay>2018-10-05</calendarDay>
        <calendarDay>2018-10-08</calendarDay>
        <calendarDay>2018-10-09</calendarDay>
        <calendarDay>2018-10-11</calendarDay>
        <calendarDay>2018-10-12</calendarDay>
        <calendarDay>2018-10-15</calendarDay>
        <calendarDay>2018-10-16</calendarDay>
        <calendarDay>2018-10-18</calendarDay>
        <calendarDay>2018-10-19</calendarDay>
        <calendarDay>2018-11-05</calendarDay>
        <calendarDay>2018-11-06</calendarDay>
        <calendarDay>2018-11-08</calendarDay>
        <calendarDay>2018-11-09</calendarDay>
        <calendarDay>2018-11-12</calendarDay>
        <calendarDay>2018-11-13</calendarDay>
        <calendarDay>2018-11-15</calendarDay>
        <calendarDay>2018-11-16</calendarDay>
        <calendarDay>2018-11-19</calendarDay>
        <calendarDay>2018-11-20</calendarDay>
        <calendarDay>2018-11-22</calendarDay>
        <calendarDay>2018-11-23</calendarDay>
        <calendarDay>2018-11-26</calendarDay>
        <calendarDay>2018-11-27</calendarDay>
        <calendarDay>2018-11-29</calendarDay>
        <calendarDay>2018-11-30</calendarDay>
        <calendarDay>2018-12-03</calendarDay>
        <calendarDay>2018-12-04</calendarDay>
        <calendarDay>2018-12-06</calendarDay>
        <calendarDay>2018-12-07</calendarDay>
        <calendarDay>2018-12-10</calendarDay>
        <calendarDay>2018-12-11</calendarDay>
        <calendarDay>2018-12-13</calendarDay>
        <calendarDay>2018-12-14</calendarDay>
        <calendarDay>2018-12-17</calendarDay>
        <calendarDay>2018-12-18</calendarDay>
        <calendarDay>2018-12-20</calendarDay>
        <calendarDay>2018-12-21</calendarDay>
        <calendarDay>2019-01-07</calendarDay>
        <calendarDay>2019-01-08</calendarDay>
        <calendarDay>2019-01-10</calendarDay>
        <calendarDay>2019-01-11</calendarDay>
        <calendarDay>2019-01-14</calendarDay>
        <calendarDay>2019-01-15</calendarDay>
        <calendarDay>2019-01-17</calendarDay>
        <calendarDay>2019-01-18</calendarDay>
        <calendarDay>2019-01-21</calendarDay>
        <calendarDay>2019-01-22</calendarDay>
        <calendarDay>2019-01-24</calendarDay>
        <calendarDay>2019-01-25</calendarDay>
        <calendarDay>2019-01-28</calendarDay>
        <calendarDay>2019-01-29</calendarDay>
        <calendarDay>2019-01-31</calendarDay>
        <calendarDay>2019-02-01</calendarDay>
        <calendarDay>2019-02-04</calendarDay>
        <calendarDay>2019-02-05</calendarDay>
        <calendarDay>2019-02-07</calendarDay>
        <calendarDay>2019-02-08</calendarDay>
        <calendarDay>2019-02-11</calendarDay>
        <calendarDay>2019-02-12</calendarDay>
        <calendarDay>2019-02-14</calendarDay>
        <calendarDay>2019-02-15</calendarDay>
        <calendarDay>2019-03-04</calendarDay>
        <calendarDay>2019-03-05</calendarDay>
        <calendarDay>2019-03-07</calendarDay>
        <calendarDay>2019-03-08</calendarDay>
        <calendarDay>2019-03-11</calendarDay>
        <calendarDay>2019-03-12</calendarDay>
        <calendarDay>2019-03-14</calendarDay>
        <calendarDay>2019-03-15</calendarDay>
        <calendarDay>2019-03-18</calendarDay>
        <calendarDay>2019-03-19</calendarDay>
        <calendarDay>2019-03-21</calendarDay>
        <calendarDay>2019-03-22</calendarDay>
        <calendarDay>2019-03-25</calendarDay>
        <calendarDay>2019-03-26</calendarDay>
        <calendarDay>2019-03-28</calendarDay>
        <calendarDay>2019-03-29</calendarDay>
        <calendarDay>2019-04-01</calendarDay>
        <calendarDay>2019-04-02</calendarDay>
        <calendarDay>2019-04-04</calendarDay>
        <calendarDay>2019-04-05</calendarDay>
        <calendarDay>2019-04-08</calendarDay>
        <calendarDay>2019-04-09</calendarDay>
        <calendarDay>2019-04-11</calendarDay>
        <calendarDay>2019-04-12</calendarDay>
        <calendarDay>2019-04-29</calendarDay>
        <calendarDay>2019-04-30</calendarDay>
        <calendarDay>2019-05-02</calendarDay>
        <calendarDay>2019-05-03</calendarDay>
        <calendarDay>2019-05-06</calendarDay>
        <calendarDay>2019-05-07</calendarDay>
        <calendarDay>2019-05-09</calendarDay>
        <calendarDay>2019-05-10</calendarDay>
        <calendarDay>2019-05-13</calendarDay>
        <calendarDay>2019-05-14</calendarDay>
        <calendarDay>2019-05-16</calendarDay>
        <calendarDay>2019-05-17</calendarDay>
        <calendarDay>2019-05-20</calendarDay>
        <calendarDay>2019-05-21</calendarDay>
        <calendarDay>2019-05-23</calendarDay>
        <calendarDay>2019-05-24</calendarDay>
        <calendarDay>2019-05-27</calendarDay>
        <calendarDay>2019-05-28</calendarDay>
        <calendarDay>2019-06-03</calendarDay>
        <calendarDay>2019-06-04</calendarDay>
        <calendarDay>2019-06-06</calendarDay>
        <calendarDay>2019-06-07</calendarDay>
        <calendarDay>2019-06-11</calendarDay>
        <calendarDay>2019-06-13</calendarDay>
        <calendarDay>2019-06-14</calendarDay>
        <calendarDay>2019-06-17</calendarDay>
        <calendarDay>2019-06-18</calendarDay>
        <calendarDay>2019-06-20</calendarDay>
        <calendarDay>2019-06-21</calendarDay>
        <calendarDay>2019-06-24</calendarDay>
        <calendarDay>2019-06-25</calendarDay>
        <calendarDay>2019-06-27</calendarDay>
        <calendarDay>2019-06-28</calendarDay>
        <calendarDay>2019-07-01</calendarDay>
        <calendarDay>2019-07-02</calendarDay>
        <calendarDay>2019-07-04</calendarDay>
        <calendarDay>2019-07-05</calendarDay>
        <dayType>Monday</dayType>
        <dayType>Tuesday</dayType>
        <dayType>Thursday</dayType>
        <dayType>Friday</dayType>
        <vehicleJourneyId>teb_:VehicleJourney:225</vehicleJourneyId>
        <comment>2018-19 / LMJV Période Scolaire 3/09</comment>
    </Timetable>
    <Timetable>
        <objectId>toutenbus:Timetable:1819-02_1</objectId>
        <objectVersion>3</objectVersion>
        <creationTime>2018-08-26T22:21:13</creationTime>
        <creatorId>chouette</creatorId>
        <version>2018-19-LMMeJV-Sco-03.09</version>
        <calendarDay>2018-09-03</calendarDay>
        <calendarDay>2018-09-04</calendarDay>
        <calendarDay>2018-09-05</calendarDay>
        <calendarDay>2018-09-06</calendarDay>
        <calendarDay>2018-09-07</calendarDay>
        <calendarDay>2018-09-10</calendarDay>
        <calendarDay>2018-09-11</calendarDay>
        <calendarDay>2018-09-12</calendarDay>
        <calendarDay>2018-09-13</calendarDay>
        <calendarDay>2018-09-14</calendarDay>
        <calendarDay>2018-09-17</calendarDay>
        <calendarDay>2018-09-18</calendarDay>
        <calendarDay>2018-09-19</calendarDay>
        <calendarDay>2018-09-20</calendarDay>
        <calendarDay>2018-09-21</calendarDay>
        <calendarDay>2018-09-24</calendarDay>
        <calendarDay>2018-09-25</calendarDay>
        <calendarDay>2018-09-26</calendarDay>
        <calendarDay>2018-09-27</calendarDay>
        <calendarDay>2018-09-28</calendarDay>
        <calendarDay>2018-10-01</calendarDay>
        <calendarDay>2018-10-02</calendarDay>
        <calendarDay>2018-10-03</calendarDay>
        <calendarDay>2018-10-04</calendarDay>
        <calendarDay>2018-10-05</calendarDay>
        <calendarDay>2018-10-08</calendarDay>
        <calendarDay>2018-10-09</calendarDay>
        <calendarDay>2018-10-10</calendarDay>
        <calendarDay>2018-10-11</calendarDay>
        <calendarDay>2018-10-12</calendarDay>
        <calendarDay>2018-10-15</calendarDay>
        <calendarDay>2018-10-16</calendarDay>
        <calendarDay>2018-10-17</calendarDay>
        <calendarDay>2018-10-18</calendarDay>
        <calendarDay>2018-10-19</calendarDay>
        <calendarDay>2018-11-05</calendarDay>
        <calendarDay>2018-11-06</calendarDay>
        <calendarDay>2018-11-07</calendarDay>
        <calendarDay>2018-11-08</calendarDay>
        <calendarDay>2018-11-09</calendarDay>
        <calendarDay>2018-11-12</calendarDay>
        <calendarDay>2018-11-13</calendarDay>
        <calendarDay>2018-11-14</calendarDay>
        <calendarDay>2018-11-15</calendarDay>
        <calendarDay>2018-11-16</calendarDay>
        <calendarDay>2018-11-19</calendarDay>
        <calendarDay>2018-11-20</calendarDay>
        <calendarDay>2018-11-21</calendarDay>
        <calendarDay>2018-11-22</calendarDay>
        <calendarDay>2018-11-23</calendarDay>
        <calendarDay>2018-11-26</calendarDay>
        <calendarDay>2018-11-27</calendarDay>
        <calendarDay>2018-11-28</calendarDay>
        <calendarDay>2018-11-29</calendarDay>
        <calendarDay>2018-11-30</calendarDay>
        <calendarDay>2018-12-03</calendarDay>
        <calendarDay>2018-12-04</calendarDay>
        <calendarDay>2018-12-05</calendarDay>
        <calendarDay>2018-12-06</calendarDay>
        <calendarDay>2018-12-07</calendarDay>
        <calendarDay>2018-12-10</calendarDay>
        <calendarDay>2018-12-11</calendarDay>
        <calendarDay>2018-12-12</calendarDay>
        <calendarDay>2018-12-13</calendarDay>
        <calendarDay>2018-12-14</calendarDay>
        <calendarDay>2018-12-17</calendarDay>
        <calendarDay>2018-12-18</calendarDay>
        <calendarDay>2018-12-19</calendarDay>
        <calendarDay>2018-12-20</calendarDay>
        <calendarDay>2018-12-21</calendarDay>
        <calendarDay>2019-01-07</calendarDay>
        <calendarDay>2019-01-08</calendarDay>
        <calendarDay>2019-01-09</calendarDay>
        <calendarDay>2019-01-10</calendarDay>
        <calendarDay>2019-01-11</calendarDay>
        <calendarDay>2019-01-14</calendarDay>
        <calendarDay>2019-01-15</calendarDay>
        <calendarDay>2019-01-16</calendarDay>
        <calendarDay>2019-01-17</calendarDay>
        <calendarDay>2019-01-18</calendarDay>
        <calendarDay>2019-01-21</calendarDay>
        <calendarDay>2019-01-22</calendarDay>
        <calendarDay>2019-01-23</calendarDay>
        <calendarDay>2019-01-24</calendarDay>
        <calendarDay>2019-01-25</calendarDay>
        <calendarDay>2019-01-28</calendarDay>
        <calendarDay>2019-01-29</calendarDay>
        <calendarDay>2019-01-30</calendarDay>
        <calendarDay>2019-01-31</calendarDay>
        <calendarDay>2019-02-01</calendarDay>
        <calendarDay>2019-02-04</calendarDay>
        <calendarDay>2019-02-05</calendarDay>
        <calendarDay>2019-02-06</calendarDay>
        <calendarDay>2019-02-07</calendarDay>
        <calendarDay>2019-02-08</calendarDay>
        <calendarDay>2019-02-11</calendarDay>
        <calendarDay>2019-02-12</calendarDay>
        <calendarDay>2019-02-13</calendarDay>
        <calendarDay>2019-02-14</calendarDay>
        <calendarDay>2019-02-15</calendarDay>
        <calendarDay>2019-03-04</calendarDay>
        <calendarDay>2019-03-05</calendarDay>
        <calendarDay>2019-03-06</calendarDay>
        <calendarDay>2019-03-07</calendarDay>
        <calendarDay>2019-03-08</calendarDay>
        <calendarDay>2019-03-11</calendarDay>
        <calendarDay>2019-03-12</calendarDay>
        <calendarDay>2019-03-13</calendarDay>
        <calendarDay>2019-03-14</calendarDay>
        <calendarDay>2019-03-15</calendarDay>
        <calendarDay>2019-03-18</calendarDay>
        <calendarDay>2019-03-19</calendarDay>
        <calendarDay>2019-03-20</calendarDay>
        <calendarDay>2019-03-21</calendarDay>
        <calendarDay>2019-03-22</calendarDay>
        <calendarDay>2019-03-25</calendarDay>
        <calendarDay>2019-03-26</calendarDay>
        <calendarDay>2019-03-27</calendarDay>
        <calendarDay>2019-03-28</calendarDay>
        <calendarDay>2019-03-29</calendarDay>
        <calendarDay>2019-04-01</calendarDay>
        <calendarDay>2019-04-02</calendarDay>
        <calendarDay>2019-04-03</calendarDay>
        <calendarDay>2019-04-04</calendarDay>
        <calendarDay>2019-04-05</calendarDay>
        <calendarDay>2019-04-08</calendarDay>
        <calendarDay>2019-04-09</calendarDay>
        <calendarDay>2019-04-10</calendarDay>
        <calendarDay>2019-04-11</calendarDay>
        <calendarDay>2019-04-12</calendarDay>
        <calendarDay>2019-04-29</calendarDay>
        <calendarDay>2019-04-30</calendarDay>
        <calendarDay>2019-05-02</calendarDay>
        <calendarDay>2019-05-03</calendarDay>
        <calendarDay>2019-05-06</calendarDay>
        <calendarDay>2019-05-07</calendarDay>
        <calendarDay>2019-05-09</calendarDay>
        <calendarDay>2019-05-10</calendarDay>
        <calendarDay>2019-05-13</calendarDay>
        <calendarDay>2019-05-14</calendarDay>
        <calendarDay>2019-05-15</calendarDay>
        <calendarDay>2019-05-16</calendarDay>
        <calendarDay>2019-05-17</calendarDay>
        <calendarDay>2019-05-20</calendarDay>
        <calendarDay>2019-05-21</calendarDay>
        <calendarDay>2019-05-22</calendarDay>
        <calendarDay>2019-05-23</calendarDay>
        <calendarDay>2019-05-24</calendarDay>
        <calendarDay>2019-05-27</calendarDay>
        <calendarDay>2019-05-28</calendarDay>
        <calendarDay>2019-05-29</calendarDay>
        <calendarDay>2019-06-03</calendarDay>
        <calendarDay>2019-06-04</calendarDay>
        <calendarDay>2019-06-05</calendarDay>
        <calendarDay>2019-06-06</calendarDay>
        <calendarDay>2019-06-07</calendarDay>
        <calendarDay>2019-06-11</calendarDay>
        <calendarDay>2019-06-12</calendarDay>
        <calendarDay>2019-06-13</calendarDay>
        <calendarDay>2019-06-14</calendarDay>
        <calendarDay>2019-06-17</calendarDay>
        <calendarDay>2019-06-18</calendarDay>
        <calendarDay>2019-06-19</calendarDay>
        <calendarDay>2019-06-20</calendarDay>
        <calendarDay>2019-06-21</calendarDay>
        <calendarDay>2019-06-24</calendarDay>
        <calendarDay>2019-06-25</calendarDay>
        <calendarDay>2019-06-26</calendarDay>
        <calendarDay>2019-06-27</calendarDay>
        <calendarDay>2019-06-28</calendarDay>
        <calendarDay>2019-07-01</calendarDay>
        <calendarDay>2019-07-02</calendarDay>
        <calendarDay>2019-07-03</calendarDay>
        <calendarDay>2019-07-04</calendarDay>
        <calendarDay>2019-07-05</calendarDay>
        <dayType>Monday</dayType>
        <dayType>Tuesday</dayType>
        <dayType>Wednesday</dayType>
        <dayType>Thursday</dayType>
        <dayType>Friday</dayType>
        <vehicleJourneyId>teb_:VehicleJourney:223</vehicleJourneyId>
        <comment>2018-19 / LMMeJV Période Scolaire 3/09</comment>
    </Timetable>
    <ChouetteLineDescription>
        <Line>
            <objectId>toutenbus:Line:30</objectId>
            <objectVersion>13</objectVersion>
            <creationTime>2017-06-11T11:05:22</creationTime>
            <creatorId>chouette</creatorId>
            <name>VALS Mas de Bourlenc - VALS Ets scolaires</name>
            <number>S10</number>
            <publishedName>VALS Mas de Bourlenc - VALS Ets scolaires</publishedName>
            <transportModeName>Coach</transportModeName>
            <routeId>teb_:Route:28</routeId>
            <routeId>teb_:Route:29</routeId>
            <registration>
                <registrationNumber>30</registrationNumber>
            </registration>
            <ptNetworkIdShortcut>toutenbus:PTNetwork:1</ptNetworkIdShortcut>
        </Line>
        <ChouetteRoute>
            <objectId>teb_:Route:28</objectId>
            <objectVersion>5</objectVersion>
            <creationTime>2017-09-11T15:42:27</creationTime>
            <creatorId>chouette</creatorId>
            <name>VALS Mas de Bourlenc - VALS Ets Scolaires</name>
            <publishedName>VALS Mas de Bourlenc - VALS Ets Scolaires</publishedName>
            <direction>A</direction>
            <ptLinkId>teb_:PtLink:391A392</ptLinkId>
            <ptLinkId>teb_:PtLink:392A394</ptLinkId>
            <ptLinkId>teb_:PtLink:394A395</ptLinkId>
            <journeyPatternId>teb_:JourneyPattern:123</journeyPatternId>
            <wayBackRouteId>teb_:Route:29</wayBackRouteId>
            <RouteExtension>
                <wayBack>A</wayBack>
            </RouteExtension>
        </ChouetteRoute>
        <ChouetteRoute>
            <objectId>teb_:Route:29</objectId>
            <objectVersion>3</objectVersion>
            <creationTime>2016-08-29T17:30:08</creationTime>
            <creatorId>chouette</creatorId>
            <name>VALS Ets Scolaires - VALS Mas de Bourlenc</name>
            <publishedName>VALS Ets Scolaires - VALS Mas de Bourlenc</publishedName>
            <direction>R</direction>
            <ptLinkId>teb_:PtLink:396A397</ptLinkId>
            <ptLinkId>teb_:PtLink:397A398</ptLinkId>
            <ptLinkId>teb_:PtLink:398A399</ptLinkId>
            <ptLinkId>teb_:PtLink:399A400</ptLinkId>
            <journeyPatternId>teb_:JourneyPattern:124</journeyPatternId>
            <wayBackRouteId>teb_:Route:28</wayBackRouteId>
            <RouteExtension>
                <wayBack>R</wayBack>
            </RouteExtension>
        </ChouetteRoute>
        <StopPoint>
            <objectId>teb_:StopPoint:391</objectId>
            <objectVersion>2</objectVersion>
            <creationTime>2016-03-30T09:57:22</creationTime>
            <creatorId>chouette</creatorId>
            <longitude>4.3755812644958500</longitude>
            <latitude>44.6773185729980500</latitude>
            <longLatType>WGS84</longLatType>
            <projectedPoint>
                <X>809013.79370534396730363368988037109375</X>
                <Y>6398528.188661803491413593292236328125</Y>
                <projectionType>EPSG:2154</projectionType>
            </projectedPoint>
            <containedIn>teb_:StopArea:BOURLENC</containedIn>
            <name>Mas De Bourlenc</name>
        </StopPoint>
        <StopPoint>
            <objectId>teb_:StopPoint:392</objectId>
            <objectVersion>2</objectVersion>
            <creationTime>2016-03-30T09:57:22</creationTime>
            <creatorId>chouette</creatorId>
            <longitude>4.3789746761320940</longitude>
            <latitude>44.6744499221194900</latitude>
            <longLatType>WGS84</longLatType>
            <projectedPoint>
                <X>809288.256096229073591530323028564453125</X>
                <Y>6398214.287738905288279056549072265625</Y>
                <projectionType>EPSG:2154</projectionType>
            </projectedPoint>
            <containedIn>teb_:StopArea:SEREMI</containedIn>
            <name>Hameau De La Sérémi</name>
        </StopPoint>
        <StopPoint>
            <objectId>teb_:StopPoint:394</objectId>
            <objectVersion>2</objectVersion>
            <creationTime>2016-03-30T09:57:22</creationTime>
            <creatorId>chouette</creatorId>
            <longitude>4.3662400245666500</longitude>
            <latitude>44.6643028259277340</latitude>
            <longLatType>WGS84</longLatType>
            <projectedPoint>
                <X>808298.5951726245693862438201904296875</X>
                <Y>6397069.804084091447293758392333984375</Y>
                <projectionType>EPSG:2154</projectionType>
            </projectedPoint>
            <containedIn>teb_:StopArea:ECOLE_PRIVEE</containedIn>
            <name>Ecole Privée</name>
        </StopPoint>
        <StopPoint>
            <objectId>teb_:StopPoint:395</objectId>
            <objectVersion>2</objectVersion>
            <creationTime>2016-03-30T09:57:22</creationTime>
            <creatorId>chouette</creatorId>
            <longitude>4.3644099235534670</longitude>
            <latitude>44.6686210632324200</latitude>
            <longLatType>WGS84</longLatType>
            <projectedPoint>
                <X>808145.2541803638450801372528076171875</X>
                <Y>6397546.881215122528374195098876953125</Y>
                <projectionType>EPSG:2154</projectionType>
            </projectedPoint>
            <containedIn>teb_:StopArea:COLLEGE_GOUY</containedIn>
            <name>Collège Georges Gouy</name>
        </StopPoint>
        <StopPoint>
            <objectId>teb_:StopPoint:396</objectId>
            <objectVersion>2</objectVersion>
            <creationTime>2016-03-30T09:58:17</creationTime>
            <creatorId>chouette</creatorId>
            <longitude>4.3644099235534670</longitude>
            <latitude>44.6686210632324200</latitude>
            <longLatType>WGS84</longLatType>
            <projectedPoint>
                <X>808145.2541803638450801372528076171875</X>
                <Y>6397546.881215122528374195098876953125</Y>
                <projectionType>EPSG:2154</projectionType>
            </projectedPoint>
            <containedIn>teb_:StopArea:COLLEGE_GOUY</containedIn>
            <name>Collège Georges Gouy</name>
        </StopPoint>
        <StopPoint>
            <objectId>teb_:StopPoint:397</objectId>
            <objectVersion>2</objectVersion>
            <creationTime>2016-03-30T09:58:17</creationTime>
            <creatorId>chouette</creatorId>
            <longitude>4.3662400245666500</longitude>
            <latitude>44.6643028259277340</latitude>
            <longLatType>WGS84</longLatType>
            <projectedPoint>
                <X>808298.5951726245693862438201904296875</X>
                <Y>6397069.804084091447293758392333984375</Y>
                <projectionType>EPSG:2154</projectionType>
            </projectedPoint>
            <containedIn>teb_:StopArea:ECOLE_PRIVEE</containedIn>
            <name>Ecole Privée</name>
        </StopPoint>
        <StopPoint>
            <objectId>teb_:StopPoint:398</objectId>
            <objectVersion>2</objectVersion>
            <creationTime>2016-03-30T09:58:17</creationTime>
            <creatorId>chouette</creatorId>
            <longitude>4.3661613464355470</longitude>
            <latitude>44.6656723022460940</latitude>
            <longLatType>WGS84</longLatType>
            <projectedPoint>
                <X>808289.727452482446096837520599365234375</X>
                <Y>6397221.790890224277973175048828125</Y>
                <projectionType>EPSG:2154</projectionType>
            </projectedPoint>
            <containedIn>teb_:StopArea:GALLIMARD_2</containedIn>
            <name>Vals Gallimard</name>
        </StopPoint>
        <StopPoint>
            <objectId>teb_:StopPoint:399</objectId>
            <objectVersion>2</objectVersion>
            <creationTime>2016-03-30T09:58:17</creationTime>
            <creatorId>chouette</creatorId>
            <longitude>4.3789746761320940</longitude>
            <latitude>44.6744499221194900</latitude>
            <longLatType>WGS84</longLatType>
            <projectedPoint>
                <X>809288.256096229073591530323028564453125</X>
                <Y>6398214.287738905288279056549072265625</Y>
                <projectionType>EPSG:2154</projectionType>
            </projectedPoint>
            <containedIn>teb_:StopArea:SEREMI</containedIn>
            <name>Hameau De La Sérémi</name>
        </StopPoint>
        <StopPoint>
            <objectId>teb_:StopPoint:400</objectId>
            <objectVersion>2</objectVersion>
            <creationTime>2016-03-30T09:58:17</creationTime>
            <creatorId>chouette</creatorId>
            <longitude>4.3755812644958500</longitude>
            <latitude>44.6773185729980500</latitude>
            <longLatType>WGS84</longLatType>
            <projectedPoint>
                <X>809013.79370534396730363368988037109375</X>
                <Y>6398528.188661803491413593292236328125</Y>
                <projectionType>EPSG:2154</projectionType>
            </projectedPoint>
            <containedIn>teb_:StopArea:BOURLENC</containedIn>
            <name>Mas De Bourlenc</name>
        </StopPoint>
        <PtLink>
            <objectId>teb_:PtLink:391A392</objectId>
            <objectVersion>1</objectVersion>
            <creationTime>2018-11-27T12:58:43</creationTime>
            <startOfLink>teb_:StopPoint:391</startOfLink>
            <endOfLink>teb_:StopPoint:392</endOfLink>
        </PtLink>
        <PtLink>
            <objectId>teb_:PtLink:392A394</objectId>
            <objectVersion>1</objectVersion>
            <creationTime>2018-11-27T12:58:43</creationTime>
            <startOfLink>teb_:StopPoint:392</startOfLink>
            <endOfLink>teb_:StopPoint:394</endOfLink>
        </PtLink>
        <PtLink>
            <objectId>teb_:PtLink:394A395</objectId>
            <objectVersion>1</objectVersion>
            <creationTime>2018-11-27T12:58:43</creationTime>
            <startOfLink>teb_:StopPoint:394</startOfLink>
            <endOfLink>teb_:StopPoint:395</endOfLink>
        </PtLink>
        <PtLink>
            <objectId>teb_:PtLink:396A397</objectId>
            <objectVersion>1</objectVersion>
            <creationTime>2018-11-27T12:58:43</creationTime>
            <startOfLink>teb_:StopPoint:396</startOfLink>
            <endOfLink>teb_:StopPoint:397</endOfLink>
        </PtLink>
        <PtLink>
            <objectId>teb_:PtLink:397A398</objectId>
            <objectVersion>1</objectVersion>
            <creationTime>2018-11-27T12:58:43</creationTime>
            <startOfLink>teb_:StopPoint:397</startOfLink>
            <endOfLink>teb_:StopPoint:398</endOfLink>
        </PtLink>
        <PtLink>
            <objectId>teb_:PtLink:398A399</objectId>
            <objectVersion>1</objectVersion>
            <creationTime>2018-11-27T12:58:43</creationTime>
            <startOfLink>teb_:StopPoint:398</startOfLink>
            <endOfLink>teb_:StopPoint:399</endOfLink>
        </PtLink>
        <PtLink>
            <objectId>teb_:PtLink:399A400</objectId>
            <objectVersion>1</objectVersion>
            <creationTime>2018-11-27T12:58:43</creationTime>
            <startOfLink>teb_:StopPoint:399</startOfLink>
            <endOfLink>teb_:StopPoint:400</endOfLink>
        </PtLink>
        <JourneyPattern>
            <objectId>teb_:JourneyPattern:123</objectId>
            <objectVersion>32</objectVersion>
            <creationTime>2017-09-11T15:42:27</creationTime>
            <creatorId>chouette</creatorId>
            <name>VALS Etablissements Scolaires</name>
            <publishedName>VALS Ets Scolaires</publishedName>
            <routeId>teb_:Route:28</routeId>
            <origin>teb_:StopPoint:391</origin>
            <destination>teb_:StopPoint:395</destination>
            <stopPointList>teb_:StopPoint:391</stopPointList>
            <stopPointList>teb_:StopPoint:392</stopPointList>
            <stopPointList>teb_:StopPoint:394</stopPointList>
            <stopPointList>teb_:StopPoint:395</stopPointList>
            <comment></comment>
        </JourneyPattern>
        <JourneyPattern>
            <objectId>teb_:JourneyPattern:124</objectId>
            <objectVersion>32</objectVersion>
            <creationTime>2016-09-01T12:28:36</creationTime>
            <creatorId>chouette</creatorId>
            <name>VALS Mas de Bourlenc</name>
            <publishedName>VALS Mas de Bourlenc</publishedName>
            <routeId>teb_:Route:29</routeId>
            <origin>teb_:StopPoint:396</origin>
            <destination>teb_:StopPoint:400</destination>
            <stopPointList>teb_:StopPoint:396</stopPointList>
            <stopPointList>teb_:StopPoint:397</stopPointList>
            <stopPointList>teb_:StopPoint:398</stopPointList>
            <stopPointList>teb_:StopPoint:399</stopPointList>
            <stopPointList>teb_:StopPoint:400</stopPointList>
            <comment></comment>
        </JourneyPattern>
        <VehicleJourney>
            <objectId>teb_:VehicleJourney:223</objectId>
            <objectVersion>5</objectVersion>
            <creationTime>2018-08-26T22:59:40</creationTime>
            <creatorId>chouette</creatorId>
            <routeId>teb_:Route:28</routeId>
            <journeyPatternId>teb_:JourneyPattern:123</journeyPatternId>
            <publishedJourneyName>VALS Etablissements Scolaires</publishedJourneyName>
            <transportMode>Coach</transportMode>
            <number>30002</number>
            <vehicleJourneyAtStop>
                <stopPointId>teb_:StopPoint:391</stopPointId>
                <vehicleJourneyId>teb_:VehicleJourney:223</vehicleJourneyId>
                <arrivalTime>07:35:00</arrivalTime>
                <departureTime>07:35:00</departureTime>
                <order>1</order>
            </vehicleJourneyAtStop>
            <vehicleJourneyAtStop>
                <stopPointId>teb_:StopPoint:392</stopPointId>
                <vehicleJourneyId>teb_:VehicleJourney:223</vehicleJourneyId>
                <arrivalTime>07:40:00</arrivalTime>
                <departureTime>07:40:00</departureTime>
                <order>2</order>
            </vehicleJourneyAtStop>
            <vehicleJourneyAtStop>
                <stopPointId>teb_:StopPoint:394</stopPointId>
                <vehicleJourneyId>teb_:VehicleJourney:223</vehicleJourneyId>
                <arrivalTime>07:45:00</arrivalTime>
                <departureTime>07:45:00</departureTime>
                <order>3</order>
            </vehicleJourneyAtStop>
            <vehicleJourneyAtStop>
                <stopPointId>teb_:StopPoint:395</stopPointId>
                <vehicleJourneyId>teb_:VehicleJourney:223</vehicleJourneyId>
                <arrivalTime>07:50:00</arrivalTime>
                <departureTime>07:50:00</departureTime>
                <order>4</order>
            </vehicleJourneyAtStop>
        </VehicleJourney>
        <VehicleJourney>
            <objectId>teb_:VehicleJourney:225</objectId>
            <objectVersion>8</objectVersion>
            <creationTime>2018-08-26T23:00:10</creationTime>
            <creatorId>chouette</creatorId>
            <routeId>teb_:Route:29</routeId>
            <journeyPatternId>teb_:JourneyPattern:124</journeyPatternId>
            <publishedJourneyName>VALS Mas de Bourlenc</publishedJourneyName>
            <transportMode>Coach</transportMode>
            <number>30041</number>
            <vehicleJourneyAtStop>
                <stopPointId>teb_:StopPoint:396</stopPointId>
                <vehicleJourneyId>teb_:VehicleJourney:225</vehicleJourneyId>
                <arrivalTime>16:35:00</arrivalTime>
                <departureTime>16:35:00</departureTime>
                <order>1</order>
            </vehicleJourneyAtStop>
            <vehicleJourneyAtStop>
                <stopPointId>teb_:StopPoint:397</stopPointId>
                <vehicleJourneyId>teb_:VehicleJourney:225</vehicleJourneyId>
                <arrivalTime>16:40:00</arrivalTime>
                <departureTime>16:40:00</departureTime>
                <order>2</order>
            </vehicleJourneyAtStop>
            <vehicleJourneyAtStop>
                <stopPointId>teb_:StopPoint:398</stopPointId>
                <vehicleJourneyId>teb_:VehicleJourney:225</vehicleJourneyId>
                <arrivalTime>16:41:00</arrivalTime>
                <departureTime>16:41:00</departureTime>
                <order>3</order>
            </vehicleJourneyAtStop>
            <vehicleJourneyAtStop>
                <stopPointId>teb_:StopPoint:399</stopPointId>
                <vehicleJourneyId>teb_:VehicleJourney:225</vehicleJourneyId>
                <arrivalTime>16:46:00</arrivalTime>
                <departureTime>16:46:00</departureTime>
                <order>4</order>
            </vehicleJourneyAtStop>
            <vehicleJourneyAtStop>
                <stopPointId>teb_:StopPoint:400</stopPointId>
                <vehicleJourneyId>teb_:VehicleJourney:225</vehicleJourneyId>
                <arrivalTime>16:51:00</arrivalTime>
                <departureTime>16:51:00</departureTime>
                <order>5</order>
            </vehicleJourneyAtStop>
        </VehicleJourney>
        <VehicleJourney>
            <objectId>teb_:VehicleJourney:224</objectId>
            <objectVersion>5</objectVersion>
            <creationTime>2018-08-26T23:00:00</creationTime>
            <creatorId>chouette</creatorId>
            <routeId>teb_:Route:29</routeId>
            <journeyPatternId>teb_:JourneyPattern:124</journeyPatternId>
            <publishedJourneyName>VALS Mas de Bourlenc</publishedJourneyName>
            <transportMode>Coach</transportMode>
            <number>30021</number>
            <vehicleJourneyAtStop>
                <stopPointId>teb_:StopPoint:396</stopPointId>
                <vehicleJourneyId>teb_:VehicleJourney:224</vehicleJourneyId>
                <arrivalTime>13:00:00</arrivalTime>
                <departureTime>13:00:00</departureTime>
                <order>1</order>
            </vehicleJourneyAtStop>
            <vehicleJourneyAtStop>
                <stopPointId>teb_:StopPoint:397</stopPointId>
                <vehicleJourneyId>teb_:VehicleJourney:224</vehicleJourneyId>
                <arrivalTime>13:05:00</arrivalTime>
                <departureTime>13:05:00</departureTime>
                <order>2</order>
            </vehicleJourneyAtStop>
            <vehicleJourneyAtStop>
                <stopPointId>teb_:StopPoint:398</stopPointId>
                <vehicleJourneyId>teb_:VehicleJourney:224</vehicleJourneyId>
                <arrivalTime>13:06:00</arrivalTime>
                <departureTime>13:06:00</departureTime>
                <order>3</order>
            </vehicleJourneyAtStop>
            <vehicleJourneyAtStop>
                <stopPointId>teb_:StopPoint:399</stopPointId>
                <vehicleJourneyId>teb_:VehicleJourney:224</vehicleJourneyId>
                <arrivalTime>13:10:00</arrivalTime>
                <departureTime>13:10:00</departureTime>
                <order>4</order>
            </vehicleJourneyAtStop>
            <vehicleJourneyAtStop>
                <stopPointId>teb_:StopPoint:400</stopPointId>
                <vehicleJourneyId>teb_:VehicleJourney:224</vehicleJourneyId>
                <arrivalTime>13:15:00</arrivalTime>
                <departureTime>13:15:00</departureTime>
                <order>5</order>
            </vehicleJourneyAtStop>
        </VehicleJourney>
    </ChouetteLineDescription>
</ChouettePTNetwork>
