<?xml version="1.0" encoding="UTF-8" standalone="yes"?>
<ChouettePTNetwork xmlns="http://www.trident.org/schema/trident" xmlns:acsb="http://www.ifopt.org.uk/acsb" xmlns:siri="http://www.siri.org.uk/siri">
    <PTNetwork>
        <objectId>toutenbus:PTNetwork:1</objectId>
        <objectVersion>4</objectVersion>
        <creationTime>2017-06-11T11:07:54</creationTime>
        <creatorId>chouette</creatorId>
        <versionDate>2016-03-29</versionDate>
        <name>Tout'enbus</name>
        <registration>
            <registrationNumber>1</registrationNumber>
        </registration>
        <sourceType>TransitOperator</sourceType>
    </PTNetwork>
    <GroupOfLine>
        <objectId>toutenbus:GroupOfLine:2</objectId>
        <objectVersion>4</objectVersion>
        <creationTime>2017-06-11T11:08:55</creationTime>
        <creatorId>chouette</creatorId>
        <name>Lignes scolaires</name>
        <lineId>toutenbus:Line:28</lineId>
    </GroupOfLine>
    <Company>
        <objectId>toutenbus:Company:1</objectId>
        <objectVersion>3</objectVersion>
        <creationTime>2017-09-11T15:53:32</creationTime>
        <creatorId>chouette</creatorId>
        <name>Tout'enbus</name>
        <shortName>TEB</shortName>
        <phone>0475892656</phone>
        <email>contact@toutenbus.fr</email>
        <registration>
            <registrationNumber>1</registrationNumber>
        </registration>
    </Company>
    <ChouetteArea>
        <StopArea>
            <objectId>teb_:StopArea:VILLAPARADIS_SARTRE</objectId>
            <objectVersion>6</objectVersion>
            <creationTime>2016-09-01T09:15:25</creationTime>
            <creatorId>chouette</creatorId>
            <name>Crt L'Olivet / Jean Gilly</name>
            <contains>teb_:StopPoint:364</contains>
            <contains>teb_:StopPoint:371</contains>
            <centroidOfArea>teb_:AreaCentroid:VILLAPARADIS_SARTRE</centroidOfArea>
            <StopAreaExtension>
                <areaType>BoardingPosition</areaType>
                <fareCode>0</fareCode>
                <mobilityRestrictedSuitability>false</mobilityRestrictedSuitability>
                <stairsAvailability>false</stairsAvailability>
                <liftAvailability>false</liftAvailability>
            </StopAreaExtension>
        </StopArea>
        <StopArea>
            <objectId>teb_:StopArea:VIVETS</objectId>
            <objectVersion>5</objectVersion>
            <creationTime>2016-09-01T09:14:57</creationTime>
            <creatorId>chouette</creatorId>
            <name>Crt Les Vivets</name>
            <contains>teb_:StopPoint:366</contains>
            <contains>teb_:StopPoint:369</contains>
            <centroidOfArea>teb_:AreaCentroid:VIVETS</centroidOfArea>
            <StopAreaExtension>
                <areaType>BoardingPosition</areaType>
                <fareCode>0</fareCode>
                <mobilityRestrictedSuitability>false</mobilityRestrictedSuitability>
                <stairsAvailability>false</stairsAvailability>
                <liftAvailability>false</liftAvailability>
            </StopAreaExtension>
        </StopArea>
        <StopArea>
            <objectId>teb_:StopArea:SARTRE</objectId>
            <objectVersion>5</objectVersion>
            <creationTime>2016-09-01T09:14:02</creationTime>
            <creatorId>chouette</creatorId>
            <name>Crt Le Sartre</name>
            <contains>teb2016_:StopPoint:443</contains>
            <contains>teb2016_:StopPoint:444</contains>
            <centroidOfArea>teb_:AreaCentroid:SARTRE</centroidOfArea>
            <StopAreaExtension>
                <areaType>BoardingPosition</areaType>
                <fareCode>0</fareCode>
                <mobilityRestrictedSuitability>false</mobilityRestrictedSuitability>
                <stairsAvailability>false</stairsAvailability>
                <liftAvailability>false</liftAvailability>
            </StopAreaExtension>
        </StopArea>
        <StopArea>
            <objectId>teb_:StopArea:MAS</objectId>
            <objectVersion>5</objectVersion>
            <creationTime>2016-09-01T09:31:53</creationTime>
            <creatorId>chouette</creatorId>
            <name>Le Mas</name>
            <contains>teb_:StopPoint:365</contains>
            <contains>teb_:StopPoint:370</contains>
            <centroidOfArea>teb_:AreaCentroid:MAS</centroidOfArea>
            <StopAreaExtension>
                <areaType>BoardingPosition</areaType>
                <fareCode>0</fareCode>
                <mobilityRestrictedSuitability>false</mobilityRestrictedSuitability>
                <stairsAvailability>false</stairsAvailability>
                <liftAvailability>false</liftAvailability>
            </StopAreaExtension>
        </StopArea>
        <StopArea>
            <objectId>teb_:StopArea:GUSTADOU</objectId>
            <objectVersion>6</objectVersion>
            <creationTime>2016-09-01T09:31:38</creationTime>
            <creatorId>chouette</creatorId>
            <name>Le Gustadou</name>
            <contains>teb_:StopPoint:362</contains>
            <contains>teb_:StopPoint:373</contains>
            <centroidOfArea>teb_:AreaCentroid:GUSTADOU</centroidOfArea>
            <StopAreaExtension>
                <areaType>BoardingPosition</areaType>
                <fareCode>0</fareCode>
                <mobilityRestrictedSuitability>false</mobilityRestrictedSuitability>
                <stairsAvailability>false</stairsAvailability>
                <liftAvailability>false</liftAvailability>
            </StopAreaExtension>
        </StopArea>
        <StopArea>
            <objectId>teb_:StopArea:COLLEGE_GOUY</objectId>
            <objectVersion>5</objectVersion>
            <creationTime>2016-09-01T09:07:22</creationTime>
            <creatorId>chouette</creatorId>
            <name>Collège Georges Gouy</name>
            <contains>teb_:StopPoint:368</contains>
            <contains>teb_:StopPoint:367</contains>
            <centroidOfArea>teb_:AreaCentroid:COLLEGE_GOUY</centroidOfArea>
            <StopAreaExtension>
                <areaType>BoardingPosition</areaType>
                <fareCode>0</fareCode>
                <mobilityRestrictedSuitability>false</mobilityRestrictedSuitability>
                <stairsAvailability>false</stairsAvailability>
                <liftAvailability>false</liftAvailability>
            </StopAreaExtension>
        </StopArea>
        <StopArea>
            <objectId>teb_:StopArea:CLOS_CHENES</objectId>
            <objectVersion>6</objectVersion>
            <creationTime>2016-09-01T09:31:09</creationTime>
            <creatorId>chouette</creatorId>
            <name>Le Clos Des Chênes</name>
            <contains>teb_:StopPoint:363</contains>
            <contains>teb_:StopPoint:372</contains>
            <centroidOfArea>teb_:AreaCentroid:CLOS_CHENES</centroidOfArea>
            <StopAreaExtension>
                <areaType>BoardingPosition</areaType>
                <fareCode>0</fareCode>
                <mobilityRestrictedSuitability>false</mobilityRestrictedSuitability>
                <stairsAvailability>false</stairsAvailability>
                <liftAvailability>false</liftAvailability>
            </StopAreaExtension>
        </StopArea>
        <AreaCentroid>
            <objectId>teb_:AreaCentroid:VILLAPARADIS_SARTRE</objectId>
            <objectVersion>6</objectVersion>
            <creationTime>2016-09-01T09:15:25</creationTime>
            <creatorId>chouette</creatorId>
            <longitude>4.3975944519042970</longitude>
            <latitude>44.6304779052734400</latitude>
            <longLatType>WGS84</longLatType>
            <address>
                <countryCode>07325</countryCode>
            </address>
            <projectedPoint>
                <X>810850.22638145764358341693878173828125</X>
                <Y>6393356.689383740536868572235107421875</Y>
                <projectionType>EPSG:2154</projectionType>
            </projectedPoint>
            <containedIn>teb_:StopArea:VILLAPARADIS_SARTRE</containedIn>
            <name>Crt L'Olivet / Jean Gilly</name>
        </AreaCentroid>
        <AreaCentroid>
            <objectId>teb_:AreaCentroid:VIVETS</objectId>
            <objectVersion>5</objectVersion>
            <creationTime>2016-09-01T09:14:57</creationTime>
            <creatorId>chouette</creatorId>
            <longitude>4.3920850753784180</longitude>
            <latitude>44.6401786804199200</latitude>
            <longLatType>WGS84</longLatType>
            <address>
                <countryCode>07325</countryCode>
            </address>
            <projectedPoint>
                <X>810394.299615162424743175506591796875</X>
                <Y>6394426.3492627553641796112060546875</Y>
                <projectionType>EPSG:2154</projectionType>
            </projectedPoint>
            <containedIn>teb_:StopArea:VIVETS</containedIn>
            <name>Crt Les Vivets</name>
        </AreaCentroid>
        <AreaCentroid>
            <objectId>teb_:AreaCentroid:SARTRE</objectId>
            <objectVersion>5</objectVersion>
            <creationTime>2016-09-01T09:14:02</creationTime>
            <creatorId>chouette</creatorId>
            <longitude>4.3975620269775390</longitude>
            <latitude>44.6337280273437500</latitude>
            <longLatType>WGS84</longLatType>
            <address>
                <countryCode>07325</countryCode>
            </address>
            <projectedPoint>
                <X>810841.26550524472258985042572021484375</X>
                <Y>6393717.60604893974959850311279296875</Y>
                <projectionType>EPSG:2154</projectionType>
            </projectedPoint>
            <containedIn>teb_:StopArea:SARTRE</containedIn>
            <name>Crt Le Sartre</name>
        </AreaCentroid>
        <AreaCentroid>
            <objectId>teb_:AreaCentroid:MAS</objectId>
            <objectVersion>5</objectVersion>
            <creationTime>2016-09-01T09:31:53</creationTime>
            <creatorId>chouette</creatorId>
            <longitude>4.3935766220092770</longitude>
            <latitude>44.6376800537109400</latitude>
            <longLatType>WGS84</longLatType>
            <address>
                <countryCode>07325</countryCode>
            </address>
            <projectedPoint>
                <X>810517.467071390710771083831787109375</X>
                <Y>6394150.935866584070026874542236328125</Y>
                <projectionType>EPSG:2154</projectionType>
            </projectedPoint>
            <containedIn>teb_:StopArea:MAS</containedIn>
            <name>Le Mas</name>
        </AreaCentroid>
        <AreaCentroid>
            <objectId>teb_:AreaCentroid:GUSTADOU</objectId>
            <objectVersion>6</objectVersion>
            <creationTime>2016-09-01T09:31:38</creationTime>
            <creatorId>chouette</creatorId>
            <longitude>4.3991098403930660</longitude>
            <latitude>44.6364097595214840</latitude>
            <longLatType>WGS84</longLatType>
            <address>
                <countryCode>07325</countryCode>
            </address>
            <projectedPoint>
                <X>810958.73263035714626312255859375</X>
                <Y>6394017.6156726442277431488037109375</Y>
                <projectionType>EPSG:2154</projectionType>
            </projectedPoint>
            <containedIn>teb_:StopArea:GUSTADOU</containedIn>
            <name>Le Gustadou</name>
        </AreaCentroid>
        <AreaCentroid>
            <objectId>teb_:AreaCentroid:COLLEGE_GOUY</objectId>
            <objectVersion>5</objectVersion>
            <creationTime>2016-09-01T09:07:22</creationTime>
            <creatorId>chouette</creatorId>
            <longitude>4.3644099235534670</longitude>
            <latitude>44.6686210632324200</latitude>
            <longLatType>WGS84</longLatType>
            <address>
                <countryCode>07331</countryCode>
            </address>
            <projectedPoint>
                <X>808145.2541803638450801372528076171875</X>
                <Y>6397546.881215122528374195098876953125</Y>
                <projectionType>EPSG:2154</projectionType>
            </projectedPoint>
            <containedIn>teb_:StopArea:COLLEGE_GOUY</containedIn>
            <name>Collège Georges Gouy</name>
        </AreaCentroid>
        <AreaCentroid>
            <objectId>teb_:AreaCentroid:CLOS_CHENES</objectId>
            <objectVersion>6</objectVersion>
            <creationTime>2016-09-01T09:31:09</creationTime>
            <creatorId>chouette</creatorId>
            <longitude>4.4010462760925290</longitude>
            <latitude>44.6333618164062500</latitude>
            <longLatType>WGS84</longLatType>
            <address>
                <countryCode>07325</countryCode>
            </address>
            <projectedPoint>
                <X>811118.295609934837557375431060791015625</X>
                <Y>6393681.8313175030052661895751953125</Y>
                <projectionType>EPSG:2154</projectionType>
            </projectedPoint>
            <containedIn>teb_:StopArea:CLOS_CHENES</containedIn>
            <name>Le Clos Des Chênes</name>
        </AreaCentroid>
    </ChouetteArea>
    <Timetable>
        <objectId>toutenbus:Timetable:1819-04_1</objectId>
        <objectVersion>3</objectVersion>
        <creationTime>2018-08-26T22:21:24</creationTime>
        <creatorId>chouette</creatorId>
        <version>2018-19-Me-Sco-03.09</version>
        <calendarDay>2018-09-05</calendarDay>
        <calendarDay>2018-09-12</calendarDay>
        <calendarDay>2018-09-19</calendarDay>
        <calendarDay>2018-09-26</calendarDay>
        <calendarDay>2018-10-03</calendarDay>
        <calendarDay>2018-10-10</calendarDay>
        <calendarDay>2018-10-17</calendarDay>
        <calendarDay>2018-11-07</calendarDay>
        <calendarDay>2018-11-14</calendarDay>
        <calendarDay>2018-11-21</calendarDay>
        <calendarDay>2018-11-28</calendarDay>
        <calendarDay>2018-12-05</calendarDay>
        <calendarDay>2018-12-12</calendarDay>
        <calendarDay>2018-12-19</calendarDay>
        <calendarDay>2019-01-09</calendarDay>
        <calendarDay>2019-01-16</calendarDay>
        <calendarDay>2019-01-23</calendarDay>
        <calendarDay>2019-01-30</calendarDay>
        <calendarDay>2019-02-06</calendarDay>
        <calendarDay>2019-02-13</calendarDay>
        <calendarDay>2019-03-06</calendarDay>
        <calendarDay>2019-03-13</calendarDay>
        <calendarDay>2019-03-20</calendarDay>
        <calendarDay>2019-03-27</calendarDay>
        <calendarDay>2019-04-03</calendarDay>
        <calendarDay>2019-04-10</calendarDay>
        <calendarDay>2019-05-15</calendarDay>
        <calendarDay>2019-05-22</calendarDay>
        <calendarDay>2019-05-29</calendarDay>
        <calendarDay>2019-06-05</calendarDay>
        <calendarDay>2019-06-12</calendarDay>
        <calendarDay>2019-06-19</calendarDay>
        <calendarDay>2019-06-26</calendarDay>
        <calendarDay>2019-07-03</calendarDay>
        <dayType>Wednesday</dayType>
        <vehicleJourneyId>teb_:VehicleJourney:216</vehicleJourneyId>
        <comment>2018-19 / Me Période Scolaire 3/09</comment>
    </Timetable>
    <Timetable>
        <objectId>toutenbus:Timetable:1819-03_1</objectId>
        <objectVersion>5</objectVersion>
        <creationTime>2018-08-26T23:24:51</creationTime>
        <creatorId>chouette</creatorId>
        <version>2018-19-LMJV-Sco-03.09</version>
        <calendarDay>2018-09-03</calendarDay>
        <calendarDay>2018-09-04</calendarDay>
        <calendarDay>2018-09-06</calendarDay>
        <calendarDay>2018-09-07</calendarDay>
        <calendarDay>2018-09-10</calendarDay>
        <calendarDay>2018-09-11</calendarDay>
        <calendarDay>2018-09-13</calendarDay>
        <calendarDay>2018-09-14</calendarDay>
        <calendarDay>2018-09-17</calendarDay>
        <calendarDay>2018-09-18</calendarDay>
        <calendarDay>2018-09-20</calendarDay>
        <calendarDay>2018-09-21</calendarDay>
        <calendarDay>2018-09-24</calendarDay>
        <calendarDay>2018-09-25</calendarDay>
        <calendarDay>2018-09-27</calendarDay>
        <calendarDay>2018-09-28</calendarDay>
        <calendarDay>2018-10-01</calendarDay>
        <calendarDay>2018-10-02</calendarDay>
        <calendarDay>2018-10-04</calendarDay>
        <calendarDay>2018-10-05</calendarDay>
        <calendarDay>2018-10-08</calendarDay>
        <calendarDay>2018-10-09</calendarDay>
        <calendarDay>2018-10-11</calendarDay>
        <calendarDay>2018-10-12</calendarDay>
        <calendarDay>2018-10-15</calendarDay>
        <calendarDay>2018-10-16</calendarDay>
        <calendarDay>2018-10-18</calendarDay>
        <calendarDay>2018-10-19</calendarDay>
        <calendarDay>2018-11-05</calendarDay>
        <calendarDay>2018-11-06</calendarDay>
        <calendarDay>2018-11-08</calendarDay>
        <calendarDay>2018-11-09</calendarDay>
        <calendarDay>2018-11-12</calendarDay>
        <calendarDay>2018-11-13</calendarDay>
        <calendarDay>2018-11-15</calendarDay>
        <calendarDay>2018-11-16</calendarDay>
        <calendarDay>2018-11-19</calendarDay>
        <calendarDay>2018-11-20</calendarDay>
        <calendarDay>2018-11-22</calendarDay>
        <calendarDay>2018-11-23</calendarDay>
        <calendarDay>2018-11-26</calendarDay>
        <calendarDay>2018-11-27</calendarDay>
        <calendarDay>2018-11-29</calendarDay>
        <calendarDay>2018-11-30</calendarDay>
        <calendarDay>2018-12-03</calendarDay>
        <calendarDay>2018-12-04</calendarDay>
        <calendarDay>2018-12-06</calendarDay>
        <calendarDay>2018-12-07</calendarDay>
        <calendarDay>2018-12-10</calendarDay>
        <calendarDay>2018-12-11</calendarDay>
        <calendarDay>2018-12-13</calendarDay>
        <calendarDay>2018-12-14</calendarDay>
        <calendarDay>2018-12-17</calendarDay>
        <calendarDay>2018-12-18</calendarDay>
        <calendarDay>2018-12-20</calendarDay>
        <calendarDay>2018-12-21</calendarDay>
        <calendarDay>2019-01-07</calendarDay>
        <calendarDay>2019-01-08</calendarDay>
        <calendarDay>2019-01-10</calendarDay>
        <calendarDay>2019-01-11</calendarDay>
        <calendarDay>2019-01-14</calendarDay>
        <calendarDay>2019-01-15</calendarDay>
        <calendarDay>2019-01-17</calendarDay>
        <calendarDay>2019-01-18</calendarDay>
        <calendarDay>2019-01-21</calendarDay>
        <calendarDay>2019-01-22</calendarDay>
        <calendarDay>2019-01-24</calendarDay>
        <calendarDay>2019-01-25</calendarDay>
        <calendarDay>2019-01-28</calendarDay>
        <calendarDay>2019-01-29</calendarDay>
        <calendarDay>2019-01-31</calendarDay>
        <calendarDay>2019-02-01</calendarDay>
        <calendarDay>2019-02-04</calendarDay>
        <calendarDay>2019-02-05</calendarDay>
        <calendarDay>2019-02-07</calendarDay>
        <calendarDay>2019-02-08</calendarDay>
        <calendarDay>2019-02-11</calendarDay>
        <calendarDay>2019-02-12</calendarDay>
        <calendarDay>2019-02-14</calendarDay>
        <calendarDay>2019-02-15</calendarDay>
        <calendarDay>2019-03-04</calendarDay>
        <calendarDay>2019-03-05</calendarDay>
        <calendarDay>2019-03-07</calendarDay>
        <calendarDay>2019-03-08</calendarDay>
        <calendarDay>2019-03-11</calendarDay>
        <calendarDay>2019-03-12</calendarDay>
        <calendarDay>2019-03-14</calendarDay>
        <calendarDay>2019-03-15</calendarDay>
        <calendarDay>2019-03-18</calendarDay>
        <calendarDay>2019-03-19</calendarDay>
        <calendarDay>2019-03-21</calendarDay>
        <calendarDay>2019-03-22</calendarDay>
        <calendarDay>2019-03-25</calendarDay>
        <calendarDay>2019-03-26</calendarDay>
        <calendarDay>2019-03-28</calendarDay>
        <calendarDay>2019-03-29</calendarDay>
        <calendarDay>2019-04-01</calendarDay>
        <calendarDay>2019-04-02</calendarDay>
        <calendarDay>2019-04-04</calendarDay>
        <calendarDay>2019-04-05</calendarDay>
        <calendarDay>2019-04-08</calendarDay>
        <calendarDay>2019-04-09</calendarDay>
        <calendarDay>2019-04-11</calendarDay>
        <calendarDay>2019-04-12</calendarDay>
        <calendarDay>2019-04-29</calendarDay>
        <calendarDay>2019-04-30</calendarDay>
        <calendarDay>2019-05-02</calendarDay>
        <calendarDay>2019-05-03</calendarDay>
        <calendarDay>2019-05-06</calendarDay>
        <calendarDay>2019-05-07</calendarDay>
        <calendarDay>2019-05-09</calendarDay>
        <calendarDay>2019-05-10</calendarDay>
        <calendarDay>2019-05-13</calendarDay>
        <calendarDay>2019-05-14</calendarDay>
        <calendarDay>2019-05-16</calendarDay>
        <calendarDay>2019-05-17</calendarDay>
        <calendarDay>2019-05-20</calendarDay>
        <calendarDay>2019-05-21</calendarDay>
        <calendarDay>2019-05-23</calendarDay>
        <calendarDay>2019-05-24</calendarDay>
        <calendarDay>2019-05-27</calendarDay>
        <calendarDay>2019-05-28</calendarDay>
        <calendarDay>2019-06-03</calendarDay>
        <calendarDay>2019-06-04</calendarDay>
        <calendarDay>2019-06-06</calendarDay>
        <calendarDay>2019-06-07</calendarDay>
        <calendarDay>2019-06-11</calendarDay>
        <calendarDay>2019-06-13</calendarDay>
        <calendarDay>2019-06-14</calendarDay>
        <calendarDay>2019-06-17</calendarDay>
        <calendarDay>2019-06-18</calendarDay>
        <calendarDay>2019-06-20</calendarDay>
        <calendarDay>2019-06-21</calendarDay>
        <calendarDay>2019-06-24</calendarDay>
        <calendarDay>2019-06-25</calendarDay>
        <calendarDay>2019-06-27</calendarDay>
        <calendarDay>2019-06-28</calendarDay>
        <calendarDay>2019-07-01</calendarDay>
        <calendarDay>2019-07-02</calendarDay>
        <calendarDay>2019-07-04</calendarDay>
        <calendarDay>2019-07-05</calendarDay>
        <dayType>Monday</dayType>
        <dayType>Tuesday</dayType>
        <dayType>Thursday</dayType>
        <dayType>Friday</dayType>
        <vehicleJourneyId>teb_:VehicleJourney:217</vehicleJourneyId>
        <comment>2018-19 / LMJV Période Scolaire 3/09</comment>
    </Timetable>
    <Timetable>
        <objectId>toutenbus:Timetable:1819-02_1</objectId>
        <objectVersion>3</objectVersion>
        <creationTime>2018-08-26T22:21:13</creationTime>
        <creatorId>chouette</creatorId>
        <version>2018-19-LMMeJV-Sco-03.09</version>
        <calendarDay>2018-09-03</calendarDay>
        <calendarDay>2018-09-04</calendarDay>
        <calendarDay>2018-09-05</calendarDay>
        <calendarDay>2018-09-06</calendarDay>
        <calendarDay>2018-09-07</calendarDay>
        <calendarDay>2018-09-10</calendarDay>
        <calendarDay>2018-09-11</calendarDay>
        <calendarDay>2018-09-12</calendarDay>
        <calendarDay>2018-09-13</calendarDay>
        <calendarDay>2018-09-14</calendarDay>
        <calendarDay>2018-09-17</calendarDay>
        <calendarDay>2018-09-18</calendarDay>
        <calendarDay>2018-09-19</calendarDay>
        <calendarDay>2018-09-20</calendarDay>
        <calendarDay>2018-09-21</calendarDay>
        <calendarDay>2018-09-24</calendarDay>
        <calendarDay>2018-09-25</calendarDay>
        <calendarDay>2018-09-26</calendarDay>
        <calendarDay>2018-09-27</calendarDay>
        <calendarDay>2018-09-28</calendarDay>
        <calendarDay>2018-10-01</calendarDay>
        <calendarDay>2018-10-02</calendarDay>
        <calendarDay>2018-10-03</calendarDay>
        <calendarDay>2018-10-04</calendarDay>
        <calendarDay>2018-10-05</calendarDay>
        <calendarDay>2018-10-08</calendarDay>
        <calendarDay>2018-10-09</calendarDay>
        <calendarDay>2018-10-10</calendarDay>
        <calendarDay>2018-10-11</calendarDay>
        <calendarDay>2018-10-12</calendarDay>
        <calendarDay>2018-10-15</calendarDay>
        <calendarDay>2018-10-16</calendarDay>
        <calendarDay>2018-10-17</calendarDay>
        <calendarDay>2018-10-18</calendarDay>
        <calendarDay>2018-10-19</calendarDay>
        <calendarDay>2018-11-05</calendarDay>
        <calendarDay>2018-11-06</calendarDay>
        <calendarDay>2018-11-07</calendarDay>
        <calendarDay>2018-11-08</calendarDay>
        <calendarDay>2018-11-09</calendarDay>
        <calendarDay>2018-11-12</calendarDay>
        <calendarDay>2018-11-13</calendarDay>
        <calendarDay>2018-11-14</calendarDay>
        <calendarDay>2018-11-15</calendarDay>
        <calendarDay>2018-11-16</calendarDay>
        <calendarDay>2018-11-19</calendarDay>
        <calendarDay>2018-11-20</calendarDay>
        <calendarDay>2018-11-21</calendarDay>
        <calendarDay>2018-11-22</calendarDay>
        <calendarDay>2018-11-23</calendarDay>
        <calendarDay>2018-11-26</calendarDay>
        <calendarDay>2018-11-27</calendarDay>
        <calendarDay>2018-11-28</calendarDay>
        <calendarDay>2018-11-29</calendarDay>
        <calendarDay>2018-11-30</calendarDay>
        <calendarDay>2018-12-03</calendarDay>
        <calendarDay>2018-12-04</calendarDay>
        <calendarDay>2018-12-05</calendarDay>
        <calendarDay>2018-12-06</calendarDay>
        <calendarDay>2018-12-07</calendarDay>
        <calendarDay>2018-12-10</calendarDay>
        <calendarDay>2018-12-11</calendarDay>
        <calendarDay>2018-12-12</calendarDay>
        <calendarDay>2018-12-13</calendarDay>
        <calendarDay>2018-12-14</calendarDay>
        <calendarDay>2018-12-17</calendarDay>
        <calendarDay>2018-12-18</calendarDay>
        <calendarDay>2018-12-19</calendarDay>
        <calendarDay>2018-12-20</calendarDay>
        <calendarDay>2018-12-21</calendarDay>
        <calendarDay>2019-01-07</calendarDay>
        <calendarDay>2019-01-08</calendarDay>
        <calendarDay>2019-01-09</calendarDay>
        <calendarDay>2019-01-10</calendarDay>
        <calendarDay>2019-01-11</calendarDay>
        <calendarDay>2019-01-14</calendarDay>
        <calendarDay>2019-01-15</calendarDay>
        <calendarDay>2019-01-16</calendarDay>
        <calendarDay>2019-01-17</calendarDay>
        <calendarDay>2019-01-18</calendarDay>
        <calendarDay>2019-01-21</calendarDay>
        <calendarDay>2019-01-22</calendarDay>
        <calendarDay>2019-01-23</calendarDay>
        <calendarDay>2019-01-24</calendarDay>
        <calendarDay>2019-01-25</calendarDay>
        <calendarDay>2019-01-28</calendarDay>
        <calendarDay>2019-01-29</calendarDay>
        <calendarDay>2019-01-30</calendarDay>
        <calendarDay>2019-01-31</calendarDay>
        <calendarDay>2019-02-01</calendarDay>
        <calendarDay>2019-02-04</calendarDay>
        <calendarDay>2019-02-05</calendarDay>
        <calendarDay>2019-02-06</calendarDay>
        <calendarDay>2019-02-07</calendarDay>
        <calendarDay>2019-02-08</calendarDay>
        <calendarDay>2019-02-11</calendarDay>
        <calendarDay>2019-02-12</calendarDay>
        <calendarDay>2019-02-13</calendarDay>
        <calendarDay>2019-02-14</calendarDay>
        <calendarDay>2019-02-15</calendarDay>
        <calendarDay>2019-03-04</calendarDay>
        <calendarDay>2019-03-05</calendarDay>
        <calendarDay>2019-03-06</calendarDay>
        <calendarDay>2019-03-07</calendarDay>
        <calendarDay>2019-03-08</calendarDay>
        <calendarDay>2019-03-11</calendarDay>
        <calendarDay>2019-03-12</calendarDay>
        <calendarDay>2019-03-13</calendarDay>
        <calendarDay>2019-03-14</calendarDay>
        <calendarDay>2019-03-15</calendarDay>
        <calendarDay>2019-03-18</calendarDay>
        <calendarDay>2019-03-19</calendarDay>
        <calendarDay>2019-03-20</calendarDay>
        <calendarDay>2019-03-21</calendarDay>
        <calendarDay>2019-03-22</calendarDay>
        <calendarDay>2019-03-25</calendarDay>
        <calendarDay>2019-03-26</calendarDay>
        <calendarDay>2019-03-27</calendarDay>
        <calendarDay>2019-03-28</calendarDay>
        <calendarDay>2019-03-29</calendarDay>
        <calendarDay>2019-04-01</calendarDay>
        <calendarDay>2019-04-02</calendarDay>
        <calendarDay>2019-04-03</calendarDay>
        <calendarDay>2019-04-04</calendarDay>
        <calendarDay>2019-04-05</calendarDay>
        <calendarDay>2019-04-08</calendarDay>
        <calendarDay>2019-04-09</calendarDay>
        <calendarDay>2019-04-10</calendarDay>
        <calendarDay>2019-04-11</calendarDay>
        <calendarDay>2019-04-12</calendarDay>
        <calendarDay>2019-04-29</calendarDay>
        <calendarDay>2019-04-30</calendarDay>
        <calendarDay>2019-05-02</calendarDay>
        <calendarDay>2019-05-03</calendarDay>
        <calendarDay>2019-05-06</calendarDay>
        <calendarDay>2019-05-07</calendarDay>
        <calendarDay>2019-05-09</calendarDay>
        <calendarDay>2019-05-10</calendarDay>
        <calendarDay>2019-05-13</calendarDay>
        <calendarDay>2019-05-14</calendarDay>
        <calendarDay>2019-05-15</calendarDay>
        <calendarDay>2019-05-16</calendarDay>
        <calendarDay>2019-05-17</calendarDay>
        <calendarDay>2019-05-20</calendarDay>
        <calendarDay>2019-05-21</calendarDay>
        <calendarDay>2019-05-22</calendarDay>
        <calendarDay>2019-05-23</calendarDay>
        <calendarDay>2019-05-24</calendarDay>
        <calendarDay>2019-05-27</calendarDay>
        <calendarDay>2019-05-28</calendarDay>
        <calendarDay>2019-05-29</calendarDay>
        <calendarDay>2019-06-03</calendarDay>
        <calendarDay>2019-06-04</calendarDay>
        <calendarDay>2019-06-05</calendarDay>
        <calendarDay>2019-06-06</calendarDay>
        <calendarDay>2019-06-07</calendarDay>
        <calendarDay>2019-06-11</calendarDay>
        <calendarDay>2019-06-12</calendarDay>
        <calendarDay>2019-06-13</calendarDay>
        <calendarDay>2019-06-14</calendarDay>
        <calendarDay>2019-06-17</calendarDay>
        <calendarDay>2019-06-18</calendarDay>
        <calendarDay>2019-06-19</calendarDay>
        <calendarDay>2019-06-20</calendarDay>
        <calendarDay>2019-06-21</calendarDay>
        <calendarDay>2019-06-24</calendarDay>
        <calendarDay>2019-06-25</calendarDay>
        <calendarDay>2019-06-26</calendarDay>
        <calendarDay>2019-06-27</calendarDay>
        <calendarDay>2019-06-28</calendarDay>
        <calendarDay>2019-07-01</calendarDay>
        <calendarDay>2019-07-02</calendarDay>
        <calendarDay>2019-07-03</calendarDay>
        <calendarDay>2019-07-04</calendarDay>
        <calendarDay>2019-07-05</calendarDay>
        <dayType>Monday</dayType>
        <dayType>Tuesday</dayType>
        <dayType>Wednesday</dayType>
        <dayType>Thursday</dayType>
        <dayType>Friday</dayType>
        <vehicleJourneyId>teb_:VehicleJourney:215</vehicleJourneyId>
        <comment>2018-19 / LMMeJV Période Scolaire 3/09</comment>
    </Timetable>
    <ChouetteLineDescription>
        <Line>
            <objectId>toutenbus:Line:28</objectId>
            <objectVersion>12</objectVersion>
            <creationTime>2017-06-11T11:06:52</creationTime>
            <creatorId>chouette</creatorId>
            <name>UCEL Le Gustadou - VALS Collège</name>
            <number>S8</number>
            <publishedName>UCEL Le Gustadou - VALS Collège</publishedName>
            <transportModeName>Coach</transportModeName>
            <routeId>teb_:Route:24</routeId>
            <routeId>teb_:Route:25</routeId>
            <registration>
                <registrationNumber>28</registrationNumber>
            </registration>
            <ptNetworkIdShortcut>toutenbus:PTNetwork:1</ptNetworkIdShortcut>
        </Line>
        <ChouetteRoute>
            <objectId>teb_:Route:24</objectId>
            <objectVersion>5</objectVersion>
            <creationTime>2016-08-29T17:46:14</creationTime>
            <creatorId>chouette</creatorId>
            <name>UCEL Le Gustadou - VALS Collège</name>
            <publishedName>UCEL Le Gustadou - VALS Collège</publishedName>
            <direction>A</direction>
            <ptLinkId>teb_:PtLink:362A363</ptLinkId>
            <ptLinkId>teb_:PtLink:363A364</ptLinkId>
            <ptLinkId>teb_:PtLink:364A443</ptLinkId>
            <ptLinkId>teb_:PtLink:443A365</ptLinkId>
            <ptLinkId>teb_:PtLink:365A366</ptLinkId>
            <ptLinkId>teb_:PtLink:366A367</ptLinkId>
            <journeyPatternId>teb_:JourneyPattern:116</journeyPatternId>
            <wayBackRouteId>teb_:Route:25</wayBackRouteId>
            <RouteExtension>
                <wayBack>A</wayBack>
            </RouteExtension>
        </ChouetteRoute>
        <ChouetteRoute>
            <objectId>teb_:Route:25</objectId>
            <objectVersion>4</objectVersion>
            <creationTime>2016-08-29T17:47:03</creationTime>
            <creatorId>chouette</creatorId>
            <name>VALS Collège - UCEL Le Gustadou</name>
            <publishedName>VALS Collège - UCEL Le Gustadou</publishedName>
            <direction>R</direction>
            <ptLinkId>teb_:PtLink:368A369</ptLinkId>
            <ptLinkId>teb_:PtLink:369A370</ptLinkId>
            <ptLinkId>teb_:PtLink:370A444</ptLinkId>
            <ptLinkId>teb_:PtLink:444A371</ptLinkId>
            <ptLinkId>teb_:PtLink:371A372</ptLinkId>
            <ptLinkId>teb_:PtLink:372A373</ptLinkId>
            <journeyPatternId>teb_:JourneyPattern:118</journeyPatternId>
            <wayBackRouteId>teb_:Route:24</wayBackRouteId>
            <RouteExtension>
                <wayBack>R</wayBack>
            </RouteExtension>
        </ChouetteRoute>
        <StopPoint>
            <objectId>teb_:StopPoint:362</objectId>
            <objectVersion>2</objectVersion>
            <creationTime>2016-03-29T20:46:00</creationTime>
            <creatorId>chouette</creatorId>
            <longitude>4.3991098403930660</longitude>
            <latitude>44.6364097595214840</latitude>
            <longLatType>WGS84</longLatType>
            <projectedPoint>
                <X>810958.73263035714626312255859375</X>
                <Y>6394017.6156726442277431488037109375</Y>
                <projectionType>EPSG:2154</projectionType>
            </projectedPoint>
            <containedIn>teb_:StopArea:GUSTADOU</containedIn>
            <name>Le Gustadou</name>
        </StopPoint>
        <StopPoint>
            <objectId>teb_:StopPoint:363</objectId>
            <objectVersion>2</objectVersion>
            <creationTime>2016-03-29T20:46:00</creationTime>
            <creatorId>chouette</creatorId>
            <longitude>4.4010462760925290</longitude>
            <latitude>44.6333618164062500</latitude>
            <longLatType>WGS84</longLatType>
            <projectedPoint>
                <X>811118.295609934837557375431060791015625</X>
                <Y>6393681.8313175030052661895751953125</Y>
                <projectionType>EPSG:2154</projectionType>
            </projectedPoint>
            <containedIn>teb_:StopArea:CLOS_CHENES</containedIn>
            <name>Le Clos Des Chênes</name>
        </StopPoint>
        <StopPoint>
            <objectId>teb_:StopPoint:364</objectId>
            <objectVersion>2</objectVersion>
            <creationTime>2016-03-29T20:46:00</creationTime>
            <creatorId>chouette</creatorId>
            <longitude>4.3975944519042970</longitude>
            <latitude>44.6304779052734400</latitude>
            <longLatType>WGS84</longLatType>
            <projectedPoint>
                <X>810850.22638145764358341693878173828125</X>
                <Y>6393356.689383740536868572235107421875</Y>
                <projectionType>EPSG:2154</projectionType>
            </projectedPoint>
            <containedIn>teb_:StopArea:VILLAPARADIS_SARTRE</containedIn>
            <name>Crt L'Olivet / Jean Gilly</name>
        </StopPoint>
        <StopPoint>
            <objectId>teb2016_:StopPoint:443</objectId>
            <objectVersion>2</objectVersion>
            <creationTime>2016-04-07T20:33:11</creationTime>
            <creatorId>chouette</creatorId>
            <longitude>4.3975620269775390</longitude>
            <latitude>44.6337280273437500</latitude>
            <longLatType>WGS84</longLatType>
            <projectedPoint>
                <X>810841.26550524472258985042572021484375</X>
                <Y>6393717.60604893974959850311279296875</Y>
                <projectionType>EPSG:2154</projectionType>
            </projectedPoint>
            <containedIn>teb_:StopArea:SARTRE</containedIn>
            <name>Crt Le Sartre</name>
        </StopPoint>
        <StopPoint>
            <objectId>teb_:StopPoint:365</objectId>
            <objectVersion>3</objectVersion>
            <creationTime>2016-04-07T20:33:10</creationTime>
            <creatorId>chouette</creatorId>
            <longitude>4.3935766220092770</longitude>
            <latitude>44.6376800537109400</latitude>
            <longLatType>WGS84</longLatType>
            <projectedPoint>
                <X>810517.467071390710771083831787109375</X>
                <Y>6394150.935866584070026874542236328125</Y>
                <projectionType>EPSG:2154</projectionType>
            </projectedPoint>
            <containedIn>teb_:StopArea:MAS</containedIn>
            <name>Le Mas</name>
        </StopPoint>
        <StopPoint>
            <objectId>teb_:StopPoint:366</objectId>
            <objectVersion>3</objectVersion>
            <creationTime>2016-04-07T20:33:10</creationTime>
            <creatorId>chouette</creatorId>
            <longitude>4.3920850753784180</longitude>
            <latitude>44.6401786804199200</latitude>
            <longLatType>WGS84</longLatType>
            <projectedPoint>
                <X>810394.299615162424743175506591796875</X>
                <Y>6394426.3492627553641796112060546875</Y>
                <projectionType>EPSG:2154</projectionType>
            </projectedPoint>
            <containedIn>teb_:StopArea:VIVETS</containedIn>
            <name>Crt Les Vivets</name>
        </StopPoint>
        <StopPoint>
            <objectId>teb_:StopPoint:367</objectId>
            <objectVersion>3</objectVersion>
            <creationTime>2016-04-07T20:33:10</creationTime>
            <creatorId>chouette</creatorId>
            <longitude>4.3644099235534670</longitude>
            <latitude>44.6686210632324200</latitude>
            <longLatType>WGS84</longLatType>
            <projectedPoint>
                <X>808145.2541803638450801372528076171875</X>
                <Y>6397546.881215122528374195098876953125</Y>
                <projectionType>EPSG:2154</projectionType>
            </projectedPoint>
            <containedIn>teb_:StopArea:COLLEGE_GOUY</containedIn>
            <name>Collège Georges Gouy</name>
        </StopPoint>
        <StopPoint>
            <objectId>teb_:StopPoint:368</objectId>
            <objectVersion>2</objectVersion>
            <creationTime>2016-03-29T20:46:48</creationTime>
            <creatorId>chouette</creatorId>
            <longitude>4.3644099235534670</longitude>
            <latitude>44.6686210632324200</latitude>
            <longLatType>WGS84</longLatType>
            <projectedPoint>
                <X>808145.2541803638450801372528076171875</X>
                <Y>6397546.881215122528374195098876953125</Y>
                <projectionType>EPSG:2154</projectionType>
            </projectedPoint>
            <containedIn>teb_:StopArea:COLLEGE_GOUY</containedIn>
            <name>Collège Georges Gouy</name>
        </StopPoint>
        <StopPoint>
            <objectId>teb_:StopPoint:369</objectId>
            <objectVersion>2</objectVersion>
            <creationTime>2016-03-29T20:46:48</creationTime>
            <creatorId>chouette</creatorId>
            <longitude>4.3920850753784180</longitude>
            <latitude>44.6401786804199200</latitude>
            <longLatType>WGS84</longLatType>
            <projectedPoint>
                <X>810394.299615162424743175506591796875</X>
                <Y>6394426.3492627553641796112060546875</Y>
                <projectionType>EPSG:2154</projectionType>
            </projectedPoint>
            <containedIn>teb_:StopArea:VIVETS</containedIn>
            <name>Crt Les Vivets</name>
        </StopPoint>
        <StopPoint>
            <objectId>teb_:StopPoint:370</objectId>
            <objectVersion>2</objectVersion>
            <creationTime>2016-03-29T20:46:48</creationTime>
            <creatorId>chouette</creatorId>
            <longitude>4.3935766220092770</longitude>
            <latitude>44.6376800537109400</latitude>
            <longLatType>WGS84</longLatType>
            <projectedPoint>
                <X>810517.467071390710771083831787109375</X>
                <Y>6394150.935866584070026874542236328125</Y>
                <projectionType>EPSG:2154</projectionType>
            </projectedPoint>
            <containedIn>teb_:StopArea:MAS</containedIn>
            <name>Le Mas</name>
        </StopPoint>
        <StopPoint>
            <objectId>teb2016_:StopPoint:444</objectId>
            <objectVersion>2</objectVersion>
            <creationTime>2016-04-07T20:37:05</creationTime>
            <creatorId>chouette</creatorId>
            <longitude>4.3975620269775390</longitude>
            <latitude>44.6337280273437500</latitude>
            <longLatType>WGS84</longLatType>
            <projectedPoint>
                <X>810841.26550524472258985042572021484375</X>
                <Y>6393717.60604893974959850311279296875</Y>
                <projectionType>EPSG:2154</projectionType>
            </projectedPoint>
            <containedIn>teb_:StopArea:SARTRE</containedIn>
            <name>Crt Le Sartre</name>
        </StopPoint>
        <StopPoint>
            <objectId>teb_:StopPoint:371</objectId>
            <objectVersion>3</objectVersion>
            <creationTime>2016-04-07T20:37:05</creationTime>
            <creatorId>chouette</creatorId>
            <longitude>4.3975944519042970</longitude>
            <latitude>44.6304779052734400</latitude>
            <longLatType>WGS84</longLatType>
            <projectedPoint>
                <X>810850.22638145764358341693878173828125</X>
                <Y>6393356.689383740536868572235107421875</Y>
                <projectionType>EPSG:2154</projectionType>
            </projectedPoint>
            <containedIn>teb_:StopArea:VILLAPARADIS_SARTRE</containedIn>
            <name>Crt L'Olivet / Jean Gilly</name>
        </StopPoint>
        <StopPoint>
            <objectId>teb_:StopPoint:372</objectId>
            <objectVersion>3</objectVersion>
            <creationTime>2016-04-07T20:37:05</creationTime>
            <creatorId>chouette</creatorId>
            <longitude>4.4010462760925290</longitude>
            <latitude>44.6333618164062500</latitude>
            <longLatType>WGS84</longLatType>
            <projectedPoint>
                <X>811118.295609934837557375431060791015625</X>
                <Y>6393681.8313175030052661895751953125</Y>
                <projectionType>EPSG:2154</projectionType>
            </projectedPoint>
            <containedIn>teb_:StopArea:CLOS_CHENES</containedIn>
            <name>Le Clos Des Chênes</name>
        </StopPoint>
        <StopPoint>
            <objectId>teb_:StopPoint:373</objectId>
            <objectVersion>3</objectVersion>
            <creationTime>2016-04-07T20:37:05</creationTime>
            <creatorId>chouette</creatorId>
            <longitude>4.3991098403930660</longitude>
            <latitude>44.6364097595214840</latitude>
            <longLatType>WGS84</longLatType>
            <projectedPoint>
                <X>810958.73263035714626312255859375</X>
                <Y>6394017.6156726442277431488037109375</Y>
                <projectionType>EPSG:2154</projectionType>
            </projectedPoint>
            <containedIn>teb_:StopArea:GUSTADOU</containedIn>
            <name>Le Gustadou</name>
        </StopPoint>
        <PtLink>
            <objectId>teb_:PtLink:362A363</objectId>
            <objectVersion>1</objectVersion>
            <creationTime>2018-11-27T12:58:43</creationTime>
            <startOfLink>teb_:StopPoint:362</startOfLink>
            <endOfLink>teb_:StopPoint:363</endOfLink>
        </PtLink>
        <PtLink>
            <objectId>teb_:PtLink:363A364</objectId>
            <objectVersion>1</objectVersion>
            <creationTime>2018-11-27T12:58:43</creationTime>
            <startOfLink>teb_:StopPoint:363</startOfLink>
            <endOfLink>teb_:StopPoint:364</endOfLink>
        </PtLink>
        <PtLink>
            <objectId>teb_:PtLink:364A443</objectId>
            <objectVersion>1</objectVersion>
            <creationTime>2018-11-27T12:58:43</creationTime>
            <startOfLink>teb_:StopPoint:364</startOfLink>
            <endOfLink>teb2016_:StopPoint:443</endOfLink>
        </PtLink>
        <PtLink>
            <objectId>teb_:PtLink:443A365</objectId>
            <objectVersion>1</objectVersion>
            <creationTime>2018-11-27T12:58:43</creationTime>
            <startOfLink>teb2016_:StopPoint:443</startOfLink>
            <endOfLink>teb_:StopPoint:365</endOfLink>
        </PtLink>
        <PtLink>
            <objectId>teb_:PtLink:365A366</objectId>
            <objectVersion>1</objectVersion>
            <creationTime>2018-11-27T12:58:43</creationTime>
            <startOfLink>teb_:StopPoint:365</startOfLink>
            <endOfLink>teb_:StopPoint:366</endOfLink>
        </PtLink>
        <PtLink>
            <objectId>teb_:PtLink:366A367</objectId>
            <objectVersion>1</objectVersion>
            <creationTime>2018-11-27T12:58:43</creationTime>
            <startOfLink>teb_:StopPoint:366</startOfLink>
            <endOfLink>teb_:StopPoint:367</endOfLink>
        </PtLink>
        <PtLink>
            <objectId>teb_:PtLink:368A369</objectId>
            <objectVersion>1</objectVersion>
            <creationTime>2018-11-27T12:58:43</creationTime>
            <startOfLink>teb_:StopPoint:368</startOfLink>
            <endOfLink>teb_:StopPoint:369</endOfLink>
        </PtLink>
        <PtLink>
            <objectId>teb_:PtLink:369A370</objectId>
            <objectVersion>1</objectVersion>
            <creationTime>2018-11-27T12:58:43</creationTime>
            <startOfLink>teb_:StopPoint:369</startOfLink>
            <endOfLink>teb_:StopPoint:370</endOfLink>
        </PtLink>
        <PtLink>
            <objectId>teb_:PtLink:370A444</objectId>
            <objectVersion>1</objectVersion>
            <creationTime>2018-11-27T12:58:43</creationTime>
            <startOfLink>teb_:StopPoint:370</startOfLink>
            <endOfLink>teb2016_:StopPoint:444</endOfLink>
        </PtLink>
        <PtLink>
            <objectId>teb_:PtLink:444A371</objectId>
            <objectVersion>1</objectVersion>
            <creationTime>2018-11-27T12:58:43</creationTime>
            <startOfLink>teb2016_:StopPoint:444</startOfLink>
            <endOfLink>teb_:StopPoint:371</endOfLink>
        </PtLink>
        <PtLink>
            <objectId>teb_:PtLink:371A372</objectId>
            <objectVersion>1</objectVersion>
            <creationTime>2018-11-27T12:58:43</creationTime>
            <startOfLink>teb_:StopPoint:371</startOfLink>
            <endOfLink>teb_:StopPoint:372</endOfLink>
        </PtLink>
        <PtLink>
            <objectId>teb_:PtLink:372A373</objectId>
            <objectVersion>1</objectVersion>
            <creationTime>2018-11-27T12:58:43</creationTime>
            <startOfLink>teb_:StopPoint:372</startOfLink>
            <endOfLink>teb_:StopPoint:373</endOfLink>
        </PtLink>
        <JourneyPattern>
            <objectId>teb_:JourneyPattern:116</objectId>
            <objectVersion>38</objectVersion>
            <creationTime>2016-09-01T12:37:01</creationTime>
            <creatorId>chouette</creatorId>
            <name>VALS Collège</name>
            <publishedName>VALS Collège</publishedName>
            <routeId>teb_:Route:24</routeId>
            <origin>teb_:StopPoint:362</origin>
            <destination>teb_:StopPoint:367</destination>
            <stopPointList>teb_:StopPoint:362</stopPointList>
            <stopPointList>teb_:StopPoint:363</stopPointList>
            <stopPointList>teb_:StopPoint:364</stopPointList>
            <stopPointList>teb2016_:StopPoint:443</stopPointList>
            <stopPointList>teb_:StopPoint:365</stopPointList>
            <stopPointList>teb_:StopPoint:366</stopPointList>
            <stopPointList>teb_:StopPoint:367</stopPointList>
            <comment></comment>
        </JourneyPattern>
        <JourneyPattern>
            <objectId>teb_:JourneyPattern:118</objectId>
            <objectVersion>37</objectVersion>
            <creationTime>2016-09-01T12:37:10</creationTime>
            <creatorId>chouette</creatorId>
            <name>UCEL Le Gustadou</name>
            <publishedName>UCEL Le Gustadou</publishedName>
            <routeId>teb_:Route:25</routeId>
            <origin>teb_:StopPoint:368</origin>
            <destination>teb_:StopPoint:373</destination>
            <stopPointList>teb_:StopPoint:368</stopPointList>
            <stopPointList>teb_:StopPoint:369</stopPointList>
            <stopPointList>teb_:StopPoint:370</stopPointList>
            <stopPointList>teb2016_:StopPoint:444</stopPointList>
            <stopPointList>teb_:StopPoint:371</stopPointList>
            <stopPointList>teb_:StopPoint:372</stopPointList>
            <stopPointList>teb_:StopPoint:373</stopPointList>
            <comment></comment>
        </JourneyPattern>
        <VehicleJourney>
            <objectId>teb_:VehicleJourney:215</objectId>
            <objectVersion>7</objectVersion>
            <creationTime>2018-08-26T22:57:54</creationTime>
            <creatorId>chouette</creatorId>
            <routeId>teb_:Route:24</routeId>
            <journeyPatternId>teb_:JourneyPattern:116</journeyPatternId>
            <publishedJourneyName>VALS Collège</publishedJourneyName>
            <transportMode>Coach</transportMode>
            <number>28001</number>
            <vehicleJourneyAtStop>
                <stopPointId>teb_:StopPoint:362</stopPointId>
                <vehicleJourneyId>teb_:VehicleJourney:215</vehicleJourneyId>
                <arrivalTime>07:40:00</arrivalTime>
                <departureTime>07:40:00</departureTime>
                <order>1</order>
            </vehicleJourneyAtStop>
            <vehicleJourneyAtStop>
                <stopPointId>teb_:StopPoint:363</stopPointId>
                <vehicleJourneyId>teb_:VehicleJourney:215</vehicleJourneyId>
                <arrivalTime>07:41:00</arrivalTime>
                <departureTime>07:41:00</departureTime>
                <order>2</order>
            </vehicleJourneyAtStop>
            <vehicleJourneyAtStop>
                <stopPointId>teb_:StopPoint:364</stopPointId>
                <vehicleJourneyId>teb_:VehicleJourney:215</vehicleJourneyId>
                <arrivalTime>07:42:00</arrivalTime>
                <departureTime>07:42:00</departureTime>
                <order>3</order>
            </vehicleJourneyAtStop>
            <vehicleJourneyAtStop>
                <stopPointId>teb2016_:StopPoint:443</stopPointId>
                <vehicleJourneyId>teb_:VehicleJourney:215</vehicleJourneyId>
                <arrivalTime>07:43:00</arrivalTime>
                <departureTime>07:43:00</departureTime>
                <order>4</order>
            </vehicleJourneyAtStop>
            <vehicleJourneyAtStop>
                <stopPointId>teb_:StopPoint:365</stopPointId>
                <vehicleJourneyId>teb_:VehicleJourney:215</vehicleJourneyId>
                <arrivalTime>07:45:00</arrivalTime>
                <departureTime>07:45:00</departureTime>
                <order>5</order>
            </vehicleJourneyAtStop>
            <vehicleJourneyAtStop>
                <stopPointId>teb_:StopPoint:366</stopPointId>
                <vehicleJourneyId>teb_:VehicleJourney:215</vehicleJourneyId>
                <arrivalTime>07:47:00</arrivalTime>
                <departureTime>07:47:00</departureTime>
                <order>6</order>
            </vehicleJourneyAtStop>
            <vehicleJourneyAtStop>
                <stopPointId>teb_:StopPoint:367</stopPointId>
                <vehicleJourneyId>teb_:VehicleJourney:215</vehicleJourneyId>
                <arrivalTime>08:00:00</arrivalTime>
                <departureTime>08:00:00</departureTime>
                <order>7</order>
            </vehicleJourneyAtStop>
        </VehicleJourney>
        <VehicleJourney>
            <objectId>teb_:VehicleJourney:217</objectId>
            <objectVersion>13</objectVersion>
            <creationTime>2018-08-26T22:58:24</creationTime>
            <creatorId>chouette</creatorId>
            <routeId>teb_:Route:25</routeId>
            <journeyPatternId>teb_:JourneyPattern:118</journeyPatternId>
            <publishedJourneyName>UCEL Le Gustadou</publishedJourneyName>
            <transportMode>Coach</transportMode>
            <number>28041</number>
            <vehicleJourneyAtStop>
                <stopPointId>teb_:StopPoint:368</stopPointId>
                <vehicleJourneyId>teb_:VehicleJourney:217</vehicleJourneyId>
                <arrivalTime>16:35:00</arrivalTime>
                <departureTime>16:35:00</departureTime>
                <order>1</order>
            </vehicleJourneyAtStop>
            <vehicleJourneyAtStop>
                <stopPointId>teb_:StopPoint:369</stopPointId>
                <vehicleJourneyId>teb_:VehicleJourney:217</vehicleJourneyId>
                <arrivalTime>16:43:00</arrivalTime>
                <departureTime>16:43:00</departureTime>
                <order>2</order>
            </vehicleJourneyAtStop>
            <vehicleJourneyAtStop>
                <stopPointId>teb_:StopPoint:370</stopPointId>
                <vehicleJourneyId>teb_:VehicleJourney:217</vehicleJourneyId>
                <arrivalTime>16:44:00</arrivalTime>
                <departureTime>16:44:00</departureTime>
                <order>3</order>
            </vehicleJourneyAtStop>
            <vehicleJourneyAtStop>
                <stopPointId>teb2016_:StopPoint:444</stopPointId>
                <vehicleJourneyId>teb_:VehicleJourney:217</vehicleJourneyId>
                <arrivalTime>16:47:00</arrivalTime>
                <departureTime>16:47:00</departureTime>
                <order>4</order>
            </vehicleJourneyAtStop>
            <vehicleJourneyAtStop>
                <stopPointId>teb_:StopPoint:371</stopPointId>
                <vehicleJourneyId>teb_:VehicleJourney:217</vehicleJourneyId>
                <arrivalTime>16:48:00</arrivalTime>
                <departureTime>16:48:00</departureTime>
                <order>5</order>
            </vehicleJourneyAtStop>
            <vehicleJourneyAtStop>
                <stopPointId>teb_:StopPoint:372</stopPointId>
                <vehicleJourneyId>teb_:VehicleJourney:217</vehicleJourneyId>
                <arrivalTime>16:49:00</arrivalTime>
                <departureTime>16:49:00</departureTime>
                <order>6</order>
            </vehicleJourneyAtStop>
            <vehicleJourneyAtStop>
                <stopPointId>teb_:StopPoint:373</stopPointId>
                <vehicleJourneyId>teb_:VehicleJourney:217</vehicleJourneyId>
                <arrivalTime>16:51:00</arrivalTime>
                <departureTime>16:51:00</departureTime>
                <order>7</order>
            </vehicleJourneyAtStop>
        </VehicleJourney>
        <VehicleJourney>
            <objectId>teb_:VehicleJourney:216</objectId>
            <objectVersion>9</objectVersion>
            <creationTime>2018-08-26T22:58:07</creationTime>
            <creatorId>chouette</creatorId>
            <routeId>teb_:Route:25</routeId>
            <journeyPatternId>teb_:JourneyPattern:118</journeyPatternId>
            <publishedJourneyName>UCEL Le Gustadou</publishedJourneyName>
            <transportMode>Coach</transportMode>
            <number>28021</number>
            <vehicleJourneyAtStop>
                <stopPointId>teb_:StopPoint:368</stopPointId>
                <vehicleJourneyId>teb_:VehicleJourney:216</vehicleJourneyId>
                <arrivalTime>13:00:00</arrivalTime>
                <departureTime>13:00:00</departureTime>
                <order>1</order>
            </vehicleJourneyAtStop>
            <vehicleJourneyAtStop>
                <stopPointId>teb_:StopPoint:369</stopPointId>
                <vehicleJourneyId>teb_:VehicleJourney:216</vehicleJourneyId>
                <arrivalTime>13:08:00</arrivalTime>
                <departureTime>13:08:00</departureTime>
                <order>2</order>
            </vehicleJourneyAtStop>
            <vehicleJourneyAtStop>
                <stopPointId>teb_:StopPoint:370</stopPointId>
                <vehicleJourneyId>teb_:VehicleJourney:216</vehicleJourneyId>
                <arrivalTime>13:09:00</arrivalTime>
                <departureTime>13:09:00</departureTime>
                <order>3</order>
            </vehicleJourneyAtStop>
            <vehicleJourneyAtStop>
                <stopPointId>teb2016_:StopPoint:444</stopPointId>
                <vehicleJourneyId>teb_:VehicleJourney:216</vehicleJourneyId>
                <arrivalTime>13:12:00</arrivalTime>
                <departureTime>13:12:00</departureTime>
                <order>4</order>
            </vehicleJourneyAtStop>
            <vehicleJourneyAtStop>
                <stopPointId>teb_:StopPoint:371</stopPointId>
                <vehicleJourneyId>teb_:VehicleJourney:216</vehicleJourneyId>
                <arrivalTime>13:13:00</arrivalTime>
                <departureTime>13:13:00</departureTime>
                <order>5</order>
            </vehicleJourneyAtStop>
            <vehicleJourneyAtStop>
                <stopPointId>teb_:StopPoint:372</stopPointId>
                <vehicleJourneyId>teb_:VehicleJourney:216</vehicleJourneyId>
                <arrivalTime>13:14:00</arrivalTime>
                <departureTime>13:14:00</departureTime>
                <order>6</order>
            </vehicleJourneyAtStop>
            <vehicleJourneyAtStop>
                <stopPointId>teb_:StopPoint:373</stopPointId>
                <vehicleJourneyId>teb_:VehicleJourney:216</vehicleJourneyId>
                <arrivalTime>13:16:00</arrivalTime>
                <departureTime>13:16:00</departureTime>
                <order>7</order>
            </vehicleJourneyAtStop>
        </VehicleJourney>
    </ChouetteLineDescription>
</ChouettePTNetwork>
