<?xml version="1.0" encoding="UTF-8" standalone="yes"?>
<ChouettePTNetwork xmlns="http://www.trident.org/schema/trident" xmlns:acsb="http://www.ifopt.org.uk/acsb" xmlns:siri="http://www.siri.org.uk/siri">
    <PTNetwork>
        <objectId>toutenbus:PTNetwork:1</objectId>
        <objectVersion>4</objectVersion>
        <creationTime>2017-06-11T11:07:54</creationTime>
        <creatorId>chouette</creatorId>
        <versionDate>2016-03-29</versionDate>
        <name>Tout'enbus</name>
        <registration>
            <registrationNumber>1</registrationNumber>
        </registration>
        <sourceType>TransitOperator</sourceType>
    </PTNetwork>
    <GroupOfLine>
        <objectId>toutenbus:GroupOfLine:2</objectId>
        <objectVersion>4</objectVersion>
        <creationTime>2017-06-11T11:08:55</creationTime>
        <creatorId>chouette</creatorId>
        <name>Lignes scolaires</name>
        <lineId>toutenbus:Line:27</lineId>
    </GroupOfLine>
    <Company>
        <objectId>toutenbus:Company:1</objectId>
        <objectVersion>3</objectVersion>
        <creationTime>2017-09-11T15:53:32</creationTime>
        <creatorId>chouette</creatorId>
        <name>Tout'enbus</name>
        <shortName>TEB</shortName>
        <phone>0475892656</phone>
        <email>contact@toutenbus.fr</email>
        <registration>
            <registrationNumber>1</registrationNumber>
        </registration>
    </Company>
    <ChouetteArea>
        <StopArea>
            <objectId>teb_:StopArea:FONTANILLE_HAUT</objectId>
            <objectVersion>7</objectVersion>
            <creationTime>2016-09-01T09:22:47</creationTime>
            <creatorId>chouette</creatorId>
            <name>Fontanille Haut</name>
            <contains>teb_:StopPoint:360</contains>
            <contains>teb_:StopPoint:350</contains>
            <centroidOfArea>teb_:AreaCentroid:FONTANILLE_HAUT</centroidOfArea>
            <StopAreaExtension>
                <areaType>BoardingPosition</areaType>
                <fareCode>0</fareCode>
                <mobilityRestrictedSuitability>false</mobilityRestrictedSuitability>
                <stairsAvailability>false</stairsAvailability>
                <liftAvailability>false</liftAvailability>
            </StopAreaExtension>
        </StopArea>
        <StopArea>
            <objectId>teb2016:StopArea:567</objectId>
            <objectVersion>6</objectVersion>
            <creationTime>2016-09-01T10:02:14</creationTime>
            <creatorId>chouette</creatorId>
            <name>Virage Fontanille / Route des Combes</name>
            <contains>teb2016:StopPoint:475</contains>
            <contains>teb2016:StopPoint:474</contains>
            <centroidOfArea>teb2016:AreaCentroid:567</centroidOfArea>
            <StopAreaExtension>
                <areaType>BoardingPosition</areaType>
            </StopAreaExtension>
        </StopArea>
        <StopArea>
            <objectId>teb_:StopArea:GRANGE_CREMADE</objectId>
            <objectVersion>6</objectVersion>
            <creationTime>2016-09-01T09:23:59</creationTime>
            <creatorId>chouette</creatorId>
            <name>Grange Crémade</name>
            <contains>teb_:StopPoint:358</contains>
            <contains>teb_:StopPoint:353</contains>
            <centroidOfArea>teb_:AreaCentroid:GRANGE_CREMADE</centroidOfArea>
            <StopAreaExtension>
                <areaType>BoardingPosition</areaType>
                <fareCode>0</fareCode>
                <mobilityRestrictedSuitability>false</mobilityRestrictedSuitability>
                <stairsAvailability>false</stairsAvailability>
                <liftAvailability>false</liftAvailability>
            </StopAreaExtension>
        </StopArea>
        <StopArea>
            <objectId>teb_:StopArea:COLLEGE_GOUY</objectId>
            <objectVersion>5</objectVersion>
            <creationTime>2016-09-01T09:07:22</creationTime>
            <creatorId>chouette</creatorId>
            <name>Collège Georges Gouy</name>
            <contains>teb_:StopPoint:356</contains>
            <contains>teb_:StopPoint:355</contains>
            <centroidOfArea>teb_:AreaCentroid:COLLEGE_GOUY</centroidOfArea>
            <StopAreaExtension>
                <areaType>BoardingPosition</areaType>
                <fareCode>0</fareCode>
                <mobilityRestrictedSuitability>false</mobilityRestrictedSuitability>
                <stairsAvailability>false</stairsAvailability>
                <liftAvailability>false</liftAvailability>
            </StopAreaExtension>
        </StopArea>
        <StopArea>
            <objectId>teb_:StopArea:COMBES</objectId>
            <objectVersion>5</objectVersion>
            <creationTime>2016-09-01T09:32:49</creationTime>
            <creatorId>chouette</creatorId>
            <name>Les Combes</name>
            <contains>teb_:StopPoint:359</contains>
            <contains>teb_:StopPoint:351</contains>
            <centroidOfArea>teb_:AreaCentroid:COMBES</centroidOfArea>
            <StopAreaExtension>
                <areaType>BoardingPosition</areaType>
                <fareCode>0</fareCode>
                <mobilityRestrictedSuitability>false</mobilityRestrictedSuitability>
                <stairsAvailability>false</stairsAvailability>
                <liftAvailability>false</liftAvailability>
            </StopAreaExtension>
        </StopArea>
        <StopArea>
            <objectId>teb_:StopArea:FONTANILLE_BAS</objectId>
            <objectVersion>7</objectVersion>
            <creationTime>2016-09-01T09:22:32</creationTime>
            <creatorId>chouette</creatorId>
            <name>Fontanille Bas</name>
            <contains>teb_:StopPoint:361</contains>
            <contains>teb_:StopPoint:349</contains>
            <centroidOfArea>teb_:AreaCentroid:FONTANILLE_BAS</centroidOfArea>
            <StopAreaExtension>
                <areaType>BoardingPosition</areaType>
                <fareCode>0</fareCode>
                <mobilityRestrictedSuitability>false</mobilityRestrictedSuitability>
                <stairsAvailability>false</stairsAvailability>
                <liftAvailability>false</liftAvailability>
            </StopAreaExtension>
        </StopArea>
        <StopArea>
            <objectId>toutenbus:StopArea:BOIS_VERT</objectId>
            <objectVersion>7</objectVersion>
            <creationTime>2017-06-11T11:17:06</creationTime>
            <creatorId>chouette</creatorId>
            <name>Bois Vert / Crt de la Crête</name>
            <contains>teb_:StopPoint:357</contains>
            <contains>teb_:StopPoint:354</contains>
            <centroidOfArea>toutenbus:AreaCentroid:BOIS_VERT</centroidOfArea>
            <StopAreaExtension>
                <areaType>BoardingPosition</areaType>
                <fareCode>0</fareCode>
                <mobilityRestrictedSuitability>false</mobilityRestrictedSuitability>
                <stairsAvailability>false</stairsAvailability>
                <liftAvailability>false</liftAvailability>
            </StopAreaExtension>
        </StopArea>
        <AreaCentroid>
            <objectId>teb_:AreaCentroid:FONTANILLE_HAUT</objectId>
            <objectVersion>7</objectVersion>
            <creationTime>2016-09-01T09:22:47</creationTime>
            <creatorId>chouette</creatorId>
            <longitude>4.3751173019409180</longitude>
            <latitude>44.6529579162597660</latitude>
            <longLatType>WGS84</longLatType>
            <address>
                <countryCode>07325</countryCode>
            </address>
            <projectedPoint>
                <X>809024.149317060015164315700531005859375</X>
                <Y>6395822.04720881767570972442626953125</Y>
                <projectionType>EPSG:2154</projectionType>
            </projectedPoint>
            <containedIn>teb_:StopArea:FONTANILLE_HAUT</containedIn>
            <name>Fontanille Haut</name>
        </AreaCentroid>
        <AreaCentroid>
            <objectId>teb2016:AreaCentroid:567</objectId>
            <objectVersion>6</objectVersion>
            <creationTime>2016-09-01T10:02:14</creationTime>
            <creatorId>chouette</creatorId>
            <longitude>4.3762957751736040</longitude>
            <latitude>44.6484340645349460</latitude>
            <longLatType>WGS84</longLatType>
            <address>
                <countryCode>07325</countryCode>
            </address>
            <projectedPoint>
                <X>809126.33136221091262996196746826171875</X>
                <Y>6395321.252232627011835575103759765625</Y>
                <projectionType>EPSG:2154</projectionType>
            </projectedPoint>
            <containedIn>teb2016:StopArea:567</containedIn>
            <name>Virage Fontanille / Route des Combes</name>
        </AreaCentroid>
        <AreaCentroid>
            <objectId>teb_:AreaCentroid:GRANGE_CREMADE</objectId>
            <objectVersion>6</objectVersion>
            <creationTime>2016-09-01T09:23:59</creationTime>
            <creatorId>chouette</creatorId>
            <longitude>4.3757157325744630</longitude>
            <latitude>44.6541824340820300</latitude>
            <longLatType>WGS84</longLatType>
            <address>
                <countryCode>07325</countryCode>
            </address>
            <projectedPoint>
                <X>809069.22059456561692059040069580078125</X>
                <Y>6395958.8695006929337978363037109375</Y>
                <projectionType>EPSG:2154</projectionType>
            </projectedPoint>
            <containedIn>teb_:StopArea:GRANGE_CREMADE</containedIn>
            <name>Grange Crémade</name>
        </AreaCentroid>
        <AreaCentroid>
            <objectId>teb_:AreaCentroid:COLLEGE_GOUY</objectId>
            <objectVersion>5</objectVersion>
            <creationTime>2016-09-01T09:07:22</creationTime>
            <creatorId>chouette</creatorId>
            <longitude>4.3644099235534670</longitude>
            <latitude>44.6686210632324200</latitude>
            <longLatType>WGS84</longLatType>
            <address>
                <countryCode>07331</countryCode>
            </address>
            <projectedPoint>
                <X>808145.2541803638450801372528076171875</X>
                <Y>6397546.881215122528374195098876953125</Y>
                <projectionType>EPSG:2154</projectionType>
            </projectedPoint>
            <containedIn>teb_:StopArea:COLLEGE_GOUY</containedIn>
            <name>Collège Georges Gouy</name>
        </AreaCentroid>
        <AreaCentroid>
            <objectId>teb_:AreaCentroid:COMBES</objectId>
            <objectVersion>5</objectVersion>
            <creationTime>2016-09-01T09:32:49</creationTime>
            <creatorId>chouette</creatorId>
            <longitude>4.3809003829956055</longitude>
            <latitude>44.6554183959960940</latitude>
            <longLatType>WGS84</longLatType>
            <address>
                <countryCode>07325</countryCode>
            </address>
            <projectedPoint>
                <X>809477.82641838002018630504608154296875</X>
                <Y>6396103.311065628193318843841552734375</Y>
                <projectionType>EPSG:2154</projectionType>
            </projectedPoint>
            <containedIn>teb_:StopArea:COMBES</containedIn>
            <name>Les Combes</name>
        </AreaCentroid>
        <AreaCentroid>
            <objectId>teb_:AreaCentroid:FONTANILLE_BAS</objectId>
            <objectVersion>7</objectVersion>
            <creationTime>2016-09-01T09:22:32</creationTime>
            <creatorId>chouette</creatorId>
            <longitude>4.3756618499755860</longitude>
            <latitude>44.6506500244140600</latitude>
            <longLatType>WGS84</longLatType>
            <address>
                <countryCode>07325</countryCode>
            </address>
            <projectedPoint>
                <X>809071.784561525913886725902557373046875</X>
                <Y>6395566.482870782725512981414794921875</Y>
                <projectionType>EPSG:2154</projectionType>
            </projectedPoint>
            <containedIn>teb_:StopArea:FONTANILLE_BAS</containedIn>
            <name>Fontanille Bas</name>
        </AreaCentroid>
        <AreaCentroid>
            <objectId>toutenbus:AreaCentroid:BOIS_VERT</objectId>
            <objectVersion>7</objectVersion>
            <creationTime>2017-06-11T11:17:06</creationTime>
            <creatorId>chouette</creatorId>
            <longitude>4.3723196983337400</longitude>
            <latitude>44.6546173095703100</latitude>
            <longLatType>WGS84</longLatType>
            <address>
                <countryCode>07325</countryCode>
            </address>
            <projectedPoint>
                <X>808799.164558707852847874164581298828125</X>
                <Y>6396002.4820320270955562591552734375</Y>
                <projectionType>EPSG:2154</projectionType>
            </projectedPoint>
            <containedIn>toutenbus:StopArea:BOIS_VERT</containedIn>
            <name>Bois Vert / Crt de la Crête</name>
        </AreaCentroid>
    </ChouetteArea>
    <Timetable>
        <objectId>toutenbus:Timetable:1819-04_1</objectId>
        <objectVersion>3</objectVersion>
        <creationTime>2018-08-26T22:21:24</creationTime>
        <creatorId>chouette</creatorId>
        <version>2018-19-Me-Sco-03.09</version>
        <calendarDay>2018-09-05</calendarDay>
        <calendarDay>2018-09-12</calendarDay>
        <calendarDay>2018-09-19</calendarDay>
        <calendarDay>2018-09-26</calendarDay>
        <calendarDay>2018-10-03</calendarDay>
        <calendarDay>2018-10-10</calendarDay>
        <calendarDay>2018-10-17</calendarDay>
        <calendarDay>2018-11-07</calendarDay>
        <calendarDay>2018-11-14</calendarDay>
        <calendarDay>2018-11-21</calendarDay>
        <calendarDay>2018-11-28</calendarDay>
        <calendarDay>2018-12-05</calendarDay>
        <calendarDay>2018-12-12</calendarDay>
        <calendarDay>2018-12-19</calendarDay>
        <calendarDay>2019-01-09</calendarDay>
        <calendarDay>2019-01-16</calendarDay>
        <calendarDay>2019-01-23</calendarDay>
        <calendarDay>2019-01-30</calendarDay>
        <calendarDay>2019-02-06</calendarDay>
        <calendarDay>2019-02-13</calendarDay>
        <calendarDay>2019-03-06</calendarDay>
        <calendarDay>2019-03-13</calendarDay>
        <calendarDay>2019-03-20</calendarDay>
        <calendarDay>2019-03-27</calendarDay>
        <calendarDay>2019-04-03</calendarDay>
        <calendarDay>2019-04-10</calendarDay>
        <calendarDay>2019-05-15</calendarDay>
        <calendarDay>2019-05-22</calendarDay>
        <calendarDay>2019-05-29</calendarDay>
        <calendarDay>2019-06-05</calendarDay>
        <calendarDay>2019-06-12</calendarDay>
        <calendarDay>2019-06-19</calendarDay>
        <calendarDay>2019-06-26</calendarDay>
        <calendarDay>2019-07-03</calendarDay>
        <dayType>Wednesday</dayType>
        <vehicleJourneyId>teb_:VehicleJourney:213</vehicleJourneyId>
        <vehicleJourneyId>teb_:VehicleJourney:211</vehicleJourneyId>
        <comment>2018-19 / Me Période Scolaire 3/09</comment>
    </Timetable>
    <Timetable>
        <objectId>toutenbus:Timetable:1819-03_1</objectId>
        <objectVersion>5</objectVersion>
        <creationTime>2018-08-26T23:24:51</creationTime>
        <creatorId>chouette</creatorId>
        <version>2018-19-LMJV-Sco-03.09</version>
        <calendarDay>2018-09-03</calendarDay>
        <calendarDay>2018-09-04</calendarDay>
        <calendarDay>2018-09-06</calendarDay>
        <calendarDay>2018-09-07</calendarDay>
        <calendarDay>2018-09-10</calendarDay>
        <calendarDay>2018-09-11</calendarDay>
        <calendarDay>2018-09-13</calendarDay>
        <calendarDay>2018-09-14</calendarDay>
        <calendarDay>2018-09-17</calendarDay>
        <calendarDay>2018-09-18</calendarDay>
        <calendarDay>2018-09-20</calendarDay>
        <calendarDay>2018-09-21</calendarDay>
        <calendarDay>2018-09-24</calendarDay>
        <calendarDay>2018-09-25</calendarDay>
        <calendarDay>2018-09-27</calendarDay>
        <calendarDay>2018-09-28</calendarDay>
        <calendarDay>2018-10-01</calendarDay>
        <calendarDay>2018-10-02</calendarDay>
        <calendarDay>2018-10-04</calendarDay>
        <calendarDay>2018-10-05</calendarDay>
        <calendarDay>2018-10-08</calendarDay>
        <calendarDay>2018-10-09</calendarDay>
        <calendarDay>2018-10-11</calendarDay>
        <calendarDay>2018-10-12</calendarDay>
        <calendarDay>2018-10-15</calendarDay>
        <calendarDay>2018-10-16</calendarDay>
        <calendarDay>2018-10-18</calendarDay>
        <calendarDay>2018-10-19</calendarDay>
        <calendarDay>2018-11-05</calendarDay>
        <calendarDay>2018-11-06</calendarDay>
        <calendarDay>2018-11-08</calendarDay>
        <calendarDay>2018-11-09</calendarDay>
        <calendarDay>2018-11-12</calendarDay>
        <calendarDay>2018-11-13</calendarDay>
        <calendarDay>2018-11-15</calendarDay>
        <calendarDay>2018-11-16</calendarDay>
        <calendarDay>2018-11-19</calendarDay>
        <calendarDay>2018-11-20</calendarDay>
        <calendarDay>2018-11-22</calendarDay>
        <calendarDay>2018-11-23</calendarDay>
        <calendarDay>2018-11-26</calendarDay>
        <calendarDay>2018-11-27</calendarDay>
        <calendarDay>2018-11-29</calendarDay>
        <calendarDay>2018-11-30</calendarDay>
        <calendarDay>2018-12-03</calendarDay>
        <calendarDay>2018-12-04</calendarDay>
        <calendarDay>2018-12-06</calendarDay>
        <calendarDay>2018-12-07</calendarDay>
        <calendarDay>2018-12-10</calendarDay>
        <calendarDay>2018-12-11</calendarDay>
        <calendarDay>2018-12-13</calendarDay>
        <calendarDay>2018-12-14</calendarDay>
        <calendarDay>2018-12-17</calendarDay>
        <calendarDay>2018-12-18</calendarDay>
        <calendarDay>2018-12-20</calendarDay>
        <calendarDay>2018-12-21</calendarDay>
        <calendarDay>2019-01-07</calendarDay>
        <calendarDay>2019-01-08</calendarDay>
        <calendarDay>2019-01-10</calendarDay>
        <calendarDay>2019-01-11</calendarDay>
        <calendarDay>2019-01-14</calendarDay>
        <calendarDay>2019-01-15</calendarDay>
        <calendarDay>2019-01-17</calendarDay>
        <calendarDay>2019-01-18</calendarDay>
        <calendarDay>2019-01-21</calendarDay>
        <calendarDay>2019-01-22</calendarDay>
        <calendarDay>2019-01-24</calendarDay>
        <calendarDay>2019-01-25</calendarDay>
        <calendarDay>2019-01-28</calendarDay>
        <calendarDay>2019-01-29</calendarDay>
        <calendarDay>2019-01-31</calendarDay>
        <calendarDay>2019-02-01</calendarDay>
        <calendarDay>2019-02-04</calendarDay>
        <calendarDay>2019-02-05</calendarDay>
        <calendarDay>2019-02-07</calendarDay>
        <calendarDay>2019-02-08</calendarDay>
        <calendarDay>2019-02-11</calendarDay>
        <calendarDay>2019-02-12</calendarDay>
        <calendarDay>2019-02-14</calendarDay>
        <calendarDay>2019-02-15</calendarDay>
        <calendarDay>2019-03-04</calendarDay>
        <calendarDay>2019-03-05</calendarDay>
        <calendarDay>2019-03-07</calendarDay>
        <calendarDay>2019-03-08</calendarDay>
        <calendarDay>2019-03-11</calendarDay>
        <calendarDay>2019-03-12</calendarDay>
        <calendarDay>2019-03-14</calendarDay>
        <calendarDay>2019-03-15</calendarDay>
        <calendarDay>2019-03-18</calendarDay>
        <calendarDay>2019-03-19</calendarDay>
        <calendarDay>2019-03-21</calendarDay>
        <calendarDay>2019-03-22</calendarDay>
        <calendarDay>2019-03-25</calendarDay>
        <calendarDay>2019-03-26</calendarDay>
        <calendarDay>2019-03-28</calendarDay>
        <calendarDay>2019-03-29</calendarDay>
        <calendarDay>2019-04-01</calendarDay>
        <calendarDay>2019-04-02</calendarDay>
        <calendarDay>2019-04-04</calendarDay>
        <calendarDay>2019-04-05</calendarDay>
        <calendarDay>2019-04-08</calendarDay>
        <calendarDay>2019-04-09</calendarDay>
        <calendarDay>2019-04-11</calendarDay>
        <calendarDay>2019-04-12</calendarDay>
        <calendarDay>2019-04-29</calendarDay>
        <calendarDay>2019-04-30</calendarDay>
        <calendarDay>2019-05-02</calendarDay>
        <calendarDay>2019-05-03</calendarDay>
        <calendarDay>2019-05-06</calendarDay>
        <calendarDay>2019-05-07</calendarDay>
        <calendarDay>2019-05-09</calendarDay>
        <calendarDay>2019-05-10</calendarDay>
        <calendarDay>2019-05-13</calendarDay>
        <calendarDay>2019-05-14</calendarDay>
        <calendarDay>2019-05-16</calendarDay>
        <calendarDay>2019-05-17</calendarDay>
        <calendarDay>2019-05-20</calendarDay>
        <calendarDay>2019-05-21</calendarDay>
        <calendarDay>2019-05-23</calendarDay>
        <calendarDay>2019-05-24</calendarDay>
        <calendarDay>2019-05-27</calendarDay>
        <calendarDay>2019-05-28</calendarDay>
        <calendarDay>2019-06-03</calendarDay>
        <calendarDay>2019-06-04</calendarDay>
        <calendarDay>2019-06-06</calendarDay>
        <calendarDay>2019-06-07</calendarDay>
        <calendarDay>2019-06-11</calendarDay>
        <calendarDay>2019-06-13</calendarDay>
        <calendarDay>2019-06-14</calendarDay>
        <calendarDay>2019-06-17</calendarDay>
        <calendarDay>2019-06-18</calendarDay>
        <calendarDay>2019-06-20</calendarDay>
        <calendarDay>2019-06-21</calendarDay>
        <calendarDay>2019-06-24</calendarDay>
        <calendarDay>2019-06-25</calendarDay>
        <calendarDay>2019-06-27</calendarDay>
        <calendarDay>2019-06-28</calendarDay>
        <calendarDay>2019-07-01</calendarDay>
        <calendarDay>2019-07-02</calendarDay>
        <calendarDay>2019-07-04</calendarDay>
        <calendarDay>2019-07-05</calendarDay>
        <dayType>Monday</dayType>
        <dayType>Tuesday</dayType>
        <dayType>Thursday</dayType>
        <dayType>Friday</dayType>
        <vehicleJourneyId>teb_:VehicleJourney:214</vehicleJourneyId>
        <vehicleJourneyId>teb_:VehicleJourney:212</vehicleJourneyId>
        <comment>2018-19 / LMJV Période Scolaire 3/09</comment>
    </Timetable>
    <Timetable>
        <objectId>toutenbus:Timetable:1819-02_1</objectId>
        <objectVersion>3</objectVersion>
        <creationTime>2018-08-26T22:21:13</creationTime>
        <creatorId>chouette</creatorId>
        <version>2018-19-LMMeJV-Sco-03.09</version>
        <calendarDay>2018-09-03</calendarDay>
        <calendarDay>2018-09-04</calendarDay>
        <calendarDay>2018-09-05</calendarDay>
        <calendarDay>2018-09-06</calendarDay>
        <calendarDay>2018-09-07</calendarDay>
        <calendarDay>2018-09-10</calendarDay>
        <calendarDay>2018-09-11</calendarDay>
        <calendarDay>2018-09-12</calendarDay>
        <calendarDay>2018-09-13</calendarDay>
        <calendarDay>2018-09-14</calendarDay>
        <calendarDay>2018-09-17</calendarDay>
        <calendarDay>2018-09-18</calendarDay>
        <calendarDay>2018-09-19</calendarDay>
        <calendarDay>2018-09-20</calendarDay>
        <calendarDay>2018-09-21</calendarDay>
        <calendarDay>2018-09-24</calendarDay>
        <calendarDay>2018-09-25</calendarDay>
        <calendarDay>2018-09-26</calendarDay>
        <calendarDay>2018-09-27</calendarDay>
        <calendarDay>2018-09-28</calendarDay>
        <calendarDay>2018-10-01</calendarDay>
        <calendarDay>2018-10-02</calendarDay>
        <calendarDay>2018-10-03</calendarDay>
        <calendarDay>2018-10-04</calendarDay>
        <calendarDay>2018-10-05</calendarDay>
        <calendarDay>2018-10-08</calendarDay>
        <calendarDay>2018-10-09</calendarDay>
        <calendarDay>2018-10-10</calendarDay>
        <calendarDay>2018-10-11</calendarDay>
        <calendarDay>2018-10-12</calendarDay>
        <calendarDay>2018-10-15</calendarDay>
        <calendarDay>2018-10-16</calendarDay>
        <calendarDay>2018-10-17</calendarDay>
        <calendarDay>2018-10-18</calendarDay>
        <calendarDay>2018-10-19</calendarDay>
        <calendarDay>2018-11-05</calendarDay>
        <calendarDay>2018-11-06</calendarDay>
        <calendarDay>2018-11-07</calendarDay>
        <calendarDay>2018-11-08</calendarDay>
        <calendarDay>2018-11-09</calendarDay>
        <calendarDay>2018-11-12</calendarDay>
        <calendarDay>2018-11-13</calendarDay>
        <calendarDay>2018-11-14</calendarDay>
        <calendarDay>2018-11-15</calendarDay>
        <calendarDay>2018-11-16</calendarDay>
        <calendarDay>2018-11-19</calendarDay>
        <calendarDay>2018-11-20</calendarDay>
        <calendarDay>2018-11-21</calendarDay>
        <calendarDay>2018-11-22</calendarDay>
        <calendarDay>2018-11-23</calendarDay>
        <calendarDay>2018-11-26</calendarDay>
        <calendarDay>2018-11-27</calendarDay>
        <calendarDay>2018-11-28</calendarDay>
        <calendarDay>2018-11-29</calendarDay>
        <calendarDay>2018-11-30</calendarDay>
        <calendarDay>2018-12-03</calendarDay>
        <calendarDay>2018-12-04</calendarDay>
        <calendarDay>2018-12-05</calendarDay>
        <calendarDay>2018-12-06</calendarDay>
        <calendarDay>2018-12-07</calendarDay>
        <calendarDay>2018-12-10</calendarDay>
        <calendarDay>2018-12-11</calendarDay>
        <calendarDay>2018-12-12</calendarDay>
        <calendarDay>2018-12-13</calendarDay>
        <calendarDay>2018-12-14</calendarDay>
        <calendarDay>2018-12-17</calendarDay>
        <calendarDay>2018-12-18</calendarDay>
        <calendarDay>2018-12-19</calendarDay>
        <calendarDay>2018-12-20</calendarDay>
        <calendarDay>2018-12-21</calendarDay>
        <calendarDay>2019-01-07</calendarDay>
        <calendarDay>2019-01-08</calendarDay>
        <calendarDay>2019-01-09</calendarDay>
        <calendarDay>2019-01-10</calendarDay>
        <calendarDay>2019-01-11</calendarDay>
        <calendarDay>2019-01-14</calendarDay>
        <calendarDay>2019-01-15</calendarDay>
        <calendarDay>2019-01-16</calendarDay>
        <calendarDay>2019-01-17</calendarDay>
        <calendarDay>2019-01-18</calendarDay>
        <calendarDay>2019-01-21</calendarDay>
        <calendarDay>2019-01-22</calendarDay>
        <calendarDay>2019-01-23</calendarDay>
        <calendarDay>2019-01-24</calendarDay>
        <calendarDay>2019-01-25</calendarDay>
        <calendarDay>2019-01-28</calendarDay>
        <calendarDay>2019-01-29</calendarDay>
        <calendarDay>2019-01-30</calendarDay>
        <calendarDay>2019-01-31</calendarDay>
        <calendarDay>2019-02-01</calendarDay>
        <calendarDay>2019-02-04</calendarDay>
        <calendarDay>2019-02-05</calendarDay>
        <calendarDay>2019-02-06</calendarDay>
        <calendarDay>2019-02-07</calendarDay>
        <calendarDay>2019-02-08</calendarDay>
        <calendarDay>2019-02-11</calendarDay>
        <calendarDay>2019-02-12</calendarDay>
        <calendarDay>2019-02-13</calendarDay>
        <calendarDay>2019-02-14</calendarDay>
        <calendarDay>2019-02-15</calendarDay>
        <calendarDay>2019-03-04</calendarDay>
        <calendarDay>2019-03-05</calendarDay>
        <calendarDay>2019-03-06</calendarDay>
        <calendarDay>2019-03-07</calendarDay>
        <calendarDay>2019-03-08</calendarDay>
        <calendarDay>2019-03-11</calendarDay>
        <calendarDay>2019-03-12</calendarDay>
        <calendarDay>2019-03-13</calendarDay>
        <calendarDay>2019-03-14</calendarDay>
        <calendarDay>2019-03-15</calendarDay>
        <calendarDay>2019-03-18</calendarDay>
        <calendarDay>2019-03-19</calendarDay>
        <calendarDay>2019-03-20</calendarDay>
        <calendarDay>2019-03-21</calendarDay>
        <calendarDay>2019-03-22</calendarDay>
        <calendarDay>2019-03-25</calendarDay>
        <calendarDay>2019-03-26</calendarDay>
        <calendarDay>2019-03-27</calendarDay>
        <calendarDay>2019-03-28</calendarDay>
        <calendarDay>2019-03-29</calendarDay>
        <calendarDay>2019-04-01</calendarDay>
        <calendarDay>2019-04-02</calendarDay>
        <calendarDay>2019-04-03</calendarDay>
        <calendarDay>2019-04-04</calendarDay>
        <calendarDay>2019-04-05</calendarDay>
        <calendarDay>2019-04-08</calendarDay>
        <calendarDay>2019-04-09</calendarDay>
        <calendarDay>2019-04-10</calendarDay>
        <calendarDay>2019-04-11</calendarDay>
        <calendarDay>2019-04-12</calendarDay>
        <calendarDay>2019-04-29</calendarDay>
        <calendarDay>2019-04-30</calendarDay>
        <calendarDay>2019-05-02</calendarDay>
        <calendarDay>2019-05-03</calendarDay>
        <calendarDay>2019-05-06</calendarDay>
        <calendarDay>2019-05-07</calendarDay>
        <calendarDay>2019-05-09</calendarDay>
        <calendarDay>2019-05-10</calendarDay>
        <calendarDay>2019-05-13</calendarDay>
        <calendarDay>2019-05-14</calendarDay>
        <calendarDay>2019-05-15</calendarDay>
        <calendarDay>2019-05-16</calendarDay>
        <calendarDay>2019-05-17</calendarDay>
        <calendarDay>2019-05-20</calendarDay>
        <calendarDay>2019-05-21</calendarDay>
        <calendarDay>2019-05-22</calendarDay>
        <calendarDay>2019-05-23</calendarDay>
        <calendarDay>2019-05-24</calendarDay>
        <calendarDay>2019-05-27</calendarDay>
        <calendarDay>2019-05-28</calendarDay>
        <calendarDay>2019-05-29</calendarDay>
        <calendarDay>2019-06-03</calendarDay>
        <calendarDay>2019-06-04</calendarDay>
        <calendarDay>2019-06-05</calendarDay>
        <calendarDay>2019-06-06</calendarDay>
        <calendarDay>2019-06-07</calendarDay>
        <calendarDay>2019-06-11</calendarDay>
        <calendarDay>2019-06-12</calendarDay>
        <calendarDay>2019-06-13</calendarDay>
        <calendarDay>2019-06-14</calendarDay>
        <calendarDay>2019-06-17</calendarDay>
        <calendarDay>2019-06-18</calendarDay>
        <calendarDay>2019-06-19</calendarDay>
        <calendarDay>2019-06-20</calendarDay>
        <calendarDay>2019-06-21</calendarDay>
        <calendarDay>2019-06-24</calendarDay>
        <calendarDay>2019-06-25</calendarDay>
        <calendarDay>2019-06-26</calendarDay>
        <calendarDay>2019-06-27</calendarDay>
        <calendarDay>2019-06-28</calendarDay>
        <calendarDay>2019-07-01</calendarDay>
        <calendarDay>2019-07-02</calendarDay>
        <calendarDay>2019-07-03</calendarDay>
        <calendarDay>2019-07-04</calendarDay>
        <calendarDay>2019-07-05</calendarDay>
        <dayType>Monday</dayType>
        <dayType>Tuesday</dayType>
        <dayType>Wednesday</dayType>
        <dayType>Thursday</dayType>
        <dayType>Friday</dayType>
        <vehicleJourneyId>teb_:VehicleJourney:210</vehicleJourneyId>
        <vehicleJourneyId>teb_:VehicleJourney:209</vehicleJourneyId>
        <comment>2018-19 / LMMeJV Période Scolaire 3/09</comment>
    </Timetable>
    <ChouetteLineDescription>
        <Line>
            <objectId>toutenbus:Line:27</objectId>
            <objectVersion>12</objectVersion>
            <creationTime>2017-06-11T11:06:39</creationTime>
            <creatorId>chouette</creatorId>
            <name>UCEL Fontanille / UCEL Les Combes - VALS Collège</name>
            <number>S7</number>
            <publishedName>UCEL Fontanille / UCEL Les Combes - VALS Collège</publishedName>
            <transportModeName>Coach</transportModeName>
            <routeId>teb_:Route:23</routeId>
            <routeId>teb_:Route:22</routeId>
            <registration>
                <registrationNumber>27</registrationNumber>
            </registration>
            <ptNetworkIdShortcut>toutenbus:PTNetwork:1</ptNetworkIdShortcut>
        </Line>
        <ChouetteRoute>
            <objectId>teb_:Route:23</objectId>
            <objectVersion>5</objectVersion>
            <creationTime>2016-08-29T17:44:40</creationTime>
            <creatorId>chouette</creatorId>
            <name>VALS Collège - UCEL Fontanille / Les Combes</name>
            <publishedName>VALS Collège - UCEL Fontanille / Les Combes</publishedName>
            <direction>R</direction>
            <ptLinkId>teb_:PtLink:356A357</ptLinkId>
            <ptLinkId>teb_:PtLink:357A358</ptLinkId>
            <ptLinkId>teb_:PtLink:358A359</ptLinkId>
            <ptLinkId>teb_:PtLink:359A360</ptLinkId>
            <ptLinkId>teb_:PtLink:360A361</ptLinkId>
            <ptLinkId>teb_:PtLink:361A475</ptLinkId>
            <journeyPatternId>teb_:JourneyPattern:115</journeyPatternId>
            <journeyPatternId>teb_:JourneyPattern:114</journeyPatternId>
            <wayBackRouteId>teb_:Route:22</wayBackRouteId>
            <RouteExtension>
                <wayBack>R</wayBack>
            </RouteExtension>
        </ChouetteRoute>
        <ChouetteRoute>
            <objectId>teb_:Route:22</objectId>
            <objectVersion>8</objectVersion>
            <creationTime>2016-08-29T17:44:15</creationTime>
            <creatorId>chouette</creatorId>
            <name>UCEL Fontanille / Les Combes - VALS Collège</name>
            <publishedName>UCEL Fontanille / Les Combes - VALS Collège</publishedName>
            <direction>A</direction>
            <ptLinkId>teb_:PtLink:474A349</ptLinkId>
            <ptLinkId>teb_:PtLink:349A350</ptLinkId>
            <ptLinkId>teb_:PtLink:350A351</ptLinkId>
            <ptLinkId>teb_:PtLink:351A353</ptLinkId>
            <ptLinkId>teb_:PtLink:353A354</ptLinkId>
            <ptLinkId>teb_:PtLink:354A355</ptLinkId>
            <journeyPatternId>teb_:JourneyPattern:113</journeyPatternId>
            <journeyPatternId>teb_:JourneyPattern:112</journeyPatternId>
            <wayBackRouteId>teb_:Route:23</wayBackRouteId>
            <RouteExtension>
                <wayBack>A</wayBack>
            </RouteExtension>
        </ChouetteRoute>
        <StopPoint>
            <objectId>teb_:StopPoint:356</objectId>
            <objectVersion>2</objectVersion>
            <creationTime>2016-03-29T20:35:16</creationTime>
            <creatorId>chouette</creatorId>
            <longitude>4.3644099235534670</longitude>
            <latitude>44.6686210632324200</latitude>
            <longLatType>WGS84</longLatType>
            <projectedPoint>
                <X>808145.2541803638450801372528076171875</X>
                <Y>6397546.881215122528374195098876953125</Y>
                <projectionType>EPSG:2154</projectionType>
            </projectedPoint>
            <containedIn>teb_:StopArea:COLLEGE_GOUY</containedIn>
            <name>Collège Georges Gouy</name>
        </StopPoint>
        <StopPoint>
            <objectId>teb_:StopPoint:357</objectId>
            <objectVersion>3</objectVersion>
            <creationTime>2016-05-12T23:47:53</creationTime>
            <creatorId>chouette</creatorId>
            <longitude>4.3723196983337400</longitude>
            <latitude>44.6546173095703100</latitude>
            <longLatType>WGS84</longLatType>
            <projectedPoint>
                <X>808799.164558707852847874164581298828125</X>
                <Y>6396002.4820320270955562591552734375</Y>
                <projectionType>EPSG:2154</projectionType>
            </projectedPoint>
            <containedIn>toutenbus:StopArea:BOIS_VERT</containedIn>
            <name>Bois Vert / Crt de la Crête</name>
        </StopPoint>
        <StopPoint>
            <objectId>teb_:StopPoint:358</objectId>
            <objectVersion>3</objectVersion>
            <creationTime>2016-05-12T23:47:53</creationTime>
            <creatorId>chouette</creatorId>
            <longitude>4.3757157325744630</longitude>
            <latitude>44.6541824340820300</latitude>
            <longLatType>WGS84</longLatType>
            <projectedPoint>
                <X>809069.22059456561692059040069580078125</X>
                <Y>6395958.8695006929337978363037109375</Y>
                <projectionType>EPSG:2154</projectionType>
            </projectedPoint>
            <containedIn>teb_:StopArea:GRANGE_CREMADE</containedIn>
            <name>Grange Crémade</name>
        </StopPoint>
        <StopPoint>
            <objectId>teb_:StopPoint:359</objectId>
            <objectVersion>3</objectVersion>
            <creationTime>2016-05-12T23:47:53</creationTime>
            <creatorId>chouette</creatorId>
            <longitude>4.3809003829956055</longitude>
            <latitude>44.6554183959960940</latitude>
            <longLatType>WGS84</longLatType>
            <projectedPoint>
                <X>809477.82641838002018630504608154296875</X>
                <Y>6396103.311065628193318843841552734375</Y>
                <projectionType>EPSG:2154</projectionType>
            </projectedPoint>
            <containedIn>teb_:StopArea:COMBES</containedIn>
            <name>Les Combes</name>
        </StopPoint>
        <StopPoint>
            <objectId>teb_:StopPoint:360</objectId>
            <objectVersion>3</objectVersion>
            <creationTime>2016-04-07T21:13:47</creationTime>
            <creatorId>chouette</creatorId>
            <longitude>4.3751173019409180</longitude>
            <latitude>44.6529579162597660</latitude>
            <longLatType>WGS84</longLatType>
            <projectedPoint>
                <X>809024.149317060015164315700531005859375</X>
                <Y>6395822.04720881767570972442626953125</Y>
                <projectionType>EPSG:2154</projectionType>
            </projectedPoint>
            <containedIn>teb_:StopArea:FONTANILLE_HAUT</containedIn>
            <name>Fontanille Haut</name>
        </StopPoint>
        <StopPoint>
            <objectId>teb_:StopPoint:361</objectId>
            <objectVersion>2</objectVersion>
            <creationTime>2016-03-29T20:35:17</creationTime>
            <creatorId>chouette</creatorId>
            <longitude>4.3756618499755860</longitude>
            <latitude>44.6506500244140600</latitude>
            <longLatType>WGS84</longLatType>
            <projectedPoint>
                <X>809071.784561525913886725902557373046875</X>
                <Y>6395566.482870782725512981414794921875</Y>
                <projectionType>EPSG:2154</projectionType>
            </projectedPoint>
            <containedIn>teb_:StopArea:FONTANILLE_BAS</containedIn>
            <name>Fontanille Bas</name>
        </StopPoint>
        <StopPoint>
            <objectId>teb2016:StopPoint:475</objectId>
            <objectVersion>2</objectVersion>
            <creationTime>2016-05-12T23:47:53</creationTime>
            <creatorId>chouette</creatorId>
            <longitude>4.3762957751736040</longitude>
            <latitude>44.6484340645349460</latitude>
            <longLatType>WGS84</longLatType>
            <projectedPoint>
                <X>809126.33136221091262996196746826171875</X>
                <Y>6395321.252232627011835575103759765625</Y>
                <projectionType>EPSG:2154</projectionType>
            </projectedPoint>
            <containedIn>teb2016:StopArea:567</containedIn>
            <name>Virage Fontanille / Route des Combes</name>
        </StopPoint>
        <StopPoint>
            <objectId>teb2016:StopPoint:474</objectId>
            <objectVersion>2</objectVersion>
            <creationTime>2016-05-12T23:43:57</creationTime>
            <creatorId>chouette</creatorId>
            <longitude>4.3762957751736040</longitude>
            <latitude>44.6484340645349460</latitude>
            <longLatType>WGS84</longLatType>
            <projectedPoint>
                <X>809126.33136221091262996196746826171875</X>
                <Y>6395321.252232627011835575103759765625</Y>
                <projectionType>EPSG:2154</projectionType>
            </projectedPoint>
            <containedIn>teb2016:StopArea:567</containedIn>
            <name>Virage Fontanille / Route des Combes</name>
        </StopPoint>
        <StopPoint>
            <objectId>teb_:StopPoint:349</objectId>
            <objectVersion>3</objectVersion>
            <creationTime>2016-05-12T23:43:57</creationTime>
            <creatorId>chouette</creatorId>
            <longitude>4.3756618499755860</longitude>
            <latitude>44.6506500244140600</latitude>
            <longLatType>WGS84</longLatType>
            <projectedPoint>
                <X>809071.784561525913886725902557373046875</X>
                <Y>6395566.482870782725512981414794921875</Y>
                <projectionType>EPSG:2154</projectionType>
            </projectedPoint>
            <containedIn>teb_:StopArea:FONTANILLE_BAS</containedIn>
            <name>Fontanille Bas</name>
        </StopPoint>
        <StopPoint>
            <objectId>teb_:StopPoint:350</objectId>
            <objectVersion>4</objectVersion>
            <creationTime>2016-05-12T23:43:57</creationTime>
            <creatorId>chouette</creatorId>
            <longitude>4.3751173019409180</longitude>
            <latitude>44.6529579162597660</latitude>
            <longLatType>WGS84</longLatType>
            <projectedPoint>
                <X>809024.149317060015164315700531005859375</X>
                <Y>6395822.04720881767570972442626953125</Y>
                <projectionType>EPSG:2154</projectionType>
            </projectedPoint>
            <containedIn>teb_:StopArea:FONTANILLE_HAUT</containedIn>
            <name>Fontanille Haut</name>
        </StopPoint>
        <StopPoint>
            <objectId>teb_:StopPoint:351</objectId>
            <objectVersion>4</objectVersion>
            <creationTime>2016-05-12T23:44:17</creationTime>
            <creatorId>chouette</creatorId>
            <longitude>4.3809003829956055</longitude>
            <latitude>44.6554183959960940</latitude>
            <longLatType>WGS84</longLatType>
            <projectedPoint>
                <X>809477.82641838002018630504608154296875</X>
                <Y>6396103.311065628193318843841552734375</Y>
                <projectionType>EPSG:2154</projectionType>
            </projectedPoint>
            <containedIn>teb_:StopArea:COMBES</containedIn>
            <name>Les Combes</name>
        </StopPoint>
        <StopPoint>
            <objectId>teb_:StopPoint:353</objectId>
            <objectVersion>4</objectVersion>
            <creationTime>2016-05-12T23:44:17</creationTime>
            <creatorId>chouette</creatorId>
            <longitude>4.3757157325744630</longitude>
            <latitude>44.6541824340820300</latitude>
            <longLatType>WGS84</longLatType>
            <projectedPoint>
                <X>809069.22059456561692059040069580078125</X>
                <Y>6395958.8695006929337978363037109375</Y>
                <projectionType>EPSG:2154</projectionType>
            </projectedPoint>
            <containedIn>teb_:StopArea:GRANGE_CREMADE</containedIn>
            <name>Grange Crémade</name>
        </StopPoint>
        <StopPoint>
            <objectId>teb_:StopPoint:354</objectId>
            <objectVersion>4</objectVersion>
            <creationTime>2016-05-12T23:44:17</creationTime>
            <creatorId>chouette</creatorId>
            <longitude>4.3723196983337400</longitude>
            <latitude>44.6546173095703100</latitude>
            <longLatType>WGS84</longLatType>
            <projectedPoint>
                <X>808799.164558707852847874164581298828125</X>
                <Y>6396002.4820320270955562591552734375</Y>
                <projectionType>EPSG:2154</projectionType>
            </projectedPoint>
            <containedIn>toutenbus:StopArea:BOIS_VERT</containedIn>
            <name>Bois Vert / Crt de la Crête</name>
        </StopPoint>
        <StopPoint>
            <objectId>teb_:StopPoint:355</objectId>
            <objectVersion>3</objectVersion>
            <creationTime>2016-05-12T23:43:57</creationTime>
            <creatorId>chouette</creatorId>
            <longitude>4.3644099235534670</longitude>
            <latitude>44.6686210632324200</latitude>
            <longLatType>WGS84</longLatType>
            <projectedPoint>
                <X>808145.2541803638450801372528076171875</X>
                <Y>6397546.881215122528374195098876953125</Y>
                <projectionType>EPSG:2154</projectionType>
            </projectedPoint>
            <containedIn>teb_:StopArea:COLLEGE_GOUY</containedIn>
            <name>Collège Georges Gouy</name>
        </StopPoint>
        <PtLink>
            <objectId>teb_:PtLink:356A357</objectId>
            <objectVersion>1</objectVersion>
            <creationTime>2018-11-27T12:58:43</creationTime>
            <startOfLink>teb_:StopPoint:356</startOfLink>
            <endOfLink>teb_:StopPoint:357</endOfLink>
        </PtLink>
        <PtLink>
            <objectId>teb_:PtLink:357A358</objectId>
            <objectVersion>1</objectVersion>
            <creationTime>2018-11-27T12:58:43</creationTime>
            <startOfLink>teb_:StopPoint:357</startOfLink>
            <endOfLink>teb_:StopPoint:358</endOfLink>
        </PtLink>
        <PtLink>
            <objectId>teb_:PtLink:358A359</objectId>
            <objectVersion>1</objectVersion>
            <creationTime>2018-11-27T12:58:43</creationTime>
            <startOfLink>teb_:StopPoint:358</startOfLink>
            <endOfLink>teb_:StopPoint:359</endOfLink>
        </PtLink>
        <PtLink>
            <objectId>teb_:PtLink:359A360</objectId>
            <objectVersion>1</objectVersion>
            <creationTime>2018-11-27T12:58:43</creationTime>
            <startOfLink>teb_:StopPoint:359</startOfLink>
            <endOfLink>teb_:StopPoint:360</endOfLink>
        </PtLink>
        <PtLink>
            <objectId>teb_:PtLink:360A361</objectId>
            <objectVersion>1</objectVersion>
            <creationTime>2018-11-27T12:58:43</creationTime>
            <startOfLink>teb_:StopPoint:360</startOfLink>
            <endOfLink>teb_:StopPoint:361</endOfLink>
        </PtLink>
        <PtLink>
            <objectId>teb_:PtLink:361A475</objectId>
            <objectVersion>1</objectVersion>
            <creationTime>2018-11-27T12:58:43</creationTime>
            <startOfLink>teb_:StopPoint:361</startOfLink>
            <endOfLink>teb2016:StopPoint:475</endOfLink>
        </PtLink>
        <PtLink>
            <objectId>teb_:PtLink:474A349</objectId>
            <objectVersion>1</objectVersion>
            <creationTime>2018-11-27T12:58:43</creationTime>
            <startOfLink>teb2016:StopPoint:474</startOfLink>
            <endOfLink>teb_:StopPoint:349</endOfLink>
        </PtLink>
        <PtLink>
            <objectId>teb_:PtLink:349A350</objectId>
            <objectVersion>1</objectVersion>
            <creationTime>2018-11-27T12:58:43</creationTime>
            <startOfLink>teb_:StopPoint:349</startOfLink>
            <endOfLink>teb_:StopPoint:350</endOfLink>
        </PtLink>
        <PtLink>
            <objectId>teb_:PtLink:350A351</objectId>
            <objectVersion>1</objectVersion>
            <creationTime>2018-11-27T12:58:43</creationTime>
            <startOfLink>teb_:StopPoint:350</startOfLink>
            <endOfLink>teb_:StopPoint:351</endOfLink>
        </PtLink>
        <PtLink>
            <objectId>teb_:PtLink:351A353</objectId>
            <objectVersion>1</objectVersion>
            <creationTime>2018-11-27T12:58:43</creationTime>
            <startOfLink>teb_:StopPoint:351</startOfLink>
            <endOfLink>teb_:StopPoint:353</endOfLink>
        </PtLink>
        <PtLink>
            <objectId>teb_:PtLink:353A354</objectId>
            <objectVersion>1</objectVersion>
            <creationTime>2018-11-27T12:58:43</creationTime>
            <startOfLink>teb_:StopPoint:353</startOfLink>
            <endOfLink>teb_:StopPoint:354</endOfLink>
        </PtLink>
        <PtLink>
            <objectId>teb_:PtLink:354A355</objectId>
            <objectVersion>1</objectVersion>
            <creationTime>2018-11-27T12:58:43</creationTime>
            <startOfLink>teb_:StopPoint:354</startOfLink>
            <endOfLink>teb_:StopPoint:355</endOfLink>
        </PtLink>
        <JourneyPattern>
            <objectId>teb_:JourneyPattern:115</objectId>
            <objectVersion>36</objectVersion>
            <creationTime>2016-09-01T12:36:16</creationTime>
            <creatorId>chouette</creatorId>
            <name>UCEL Les Combes / Fontanille</name>
            <publishedName>UCEL Fontanille</publishedName>
            <routeId>teb_:Route:23</routeId>
            <origin>teb_:StopPoint:356</origin>
            <destination>teb2016:StopPoint:475</destination>
            <stopPointList>teb_:StopPoint:356</stopPointList>
            <stopPointList>teb_:StopPoint:357</stopPointList>
            <stopPointList>teb_:StopPoint:360</stopPointList>
            <stopPointList>teb_:StopPoint:361</stopPointList>
            <stopPointList>teb2016:StopPoint:475</stopPointList>
            <comment></comment>
        </JourneyPattern>
        <JourneyPattern>
            <objectId>teb_:JourneyPattern:114</objectId>
            <objectVersion>28</objectVersion>
            <creationTime>2016-09-01T12:36:24</creationTime>
            <creatorId>chouette</creatorId>
            <name>UCEL Les Combes / Fontanille</name>
            <publishedName>UCEL Les Combes</publishedName>
            <routeId>teb_:Route:23</routeId>
            <origin>teb_:StopPoint:356</origin>
            <destination>teb_:StopPoint:359</destination>
            <stopPointList>teb_:StopPoint:356</stopPointList>
            <stopPointList>teb_:StopPoint:357</stopPointList>
            <stopPointList>teb_:StopPoint:358</stopPointList>
            <stopPointList>teb_:StopPoint:359</stopPointList>
            <comment></comment>
        </JourneyPattern>
        <JourneyPattern>
            <objectId>teb_:JourneyPattern:113</objectId>
            <objectVersion>30</objectVersion>
            <creationTime>2016-09-01T12:36:38</creationTime>
            <creatorId>chouette</creatorId>
            <name>VALS Collège</name>
            <publishedName>VALS Collège</publishedName>
            <routeId>teb_:Route:22</routeId>
            <origin>teb_:StopPoint:351</origin>
            <destination>teb_:StopPoint:355</destination>
            <stopPointList>teb_:StopPoint:351</stopPointList>
            <stopPointList>teb_:StopPoint:353</stopPointList>
            <stopPointList>teb_:StopPoint:354</stopPointList>
            <stopPointList>teb_:StopPoint:355</stopPointList>
            <comment></comment>
        </JourneyPattern>
        <JourneyPattern>
            <objectId>teb_:JourneyPattern:112</objectId>
            <objectVersion>36</objectVersion>
            <creationTime>2016-09-01T12:36:43</creationTime>
            <creatorId>chouette</creatorId>
            <name>VALS Collège</name>
            <publishedName>VALS Collège</publishedName>
            <routeId>teb_:Route:22</routeId>
            <origin>teb2016:StopPoint:474</origin>
            <destination>teb_:StopPoint:355</destination>
            <stopPointList>teb2016:StopPoint:474</stopPointList>
            <stopPointList>teb_:StopPoint:349</stopPointList>
            <stopPointList>teb_:StopPoint:350</stopPointList>
            <stopPointList>teb_:StopPoint:354</stopPointList>
            <stopPointList>teb_:StopPoint:355</stopPointList>
            <comment></comment>
        </JourneyPattern>
        <VehicleJourney>
            <objectId>teb_:VehicleJourney:214</objectId>
            <objectVersion>10</objectVersion>
            <creationTime>2018-08-26T22:57:07</creationTime>
            <creatorId>chouette</creatorId>
            <routeId>teb_:Route:23</routeId>
            <journeyPatternId>teb_:JourneyPattern:115</journeyPatternId>
            <publishedJourneyName>UCEL Fontanille</publishedJourneyName>
            <transportMode>Coach</transportMode>
            <number>27042</number>
            <vehicleJourneyAtStop>
                <stopPointId>teb_:StopPoint:356</stopPointId>
                <vehicleJourneyId>teb_:VehicleJourney:214</vehicleJourneyId>
                <arrivalTime>16:50:00</arrivalTime>
                <departureTime>16:50:00</departureTime>
                <order>1</order>
            </vehicleJourneyAtStop>
            <vehicleJourneyAtStop>
                <stopPointId>teb_:StopPoint:357</stopPointId>
                <vehicleJourneyId>teb_:VehicleJourney:214</vehicleJourneyId>
                <arrivalTime>16:58:00</arrivalTime>
                <departureTime>16:58:00</departureTime>
                <order>2</order>
            </vehicleJourneyAtStop>
            <vehicleJourneyAtStop>
                <stopPointId>teb_:StopPoint:360</stopPointId>
                <vehicleJourneyId>teb_:VehicleJourney:214</vehicleJourneyId>
                <arrivalTime>16:59:00</arrivalTime>
                <departureTime>16:59:00</departureTime>
                <order>3</order>
            </vehicleJourneyAtStop>
            <vehicleJourneyAtStop>
                <stopPointId>teb_:StopPoint:361</stopPointId>
                <vehicleJourneyId>teb_:VehicleJourney:214</vehicleJourneyId>
                <arrivalTime>17:00:00</arrivalTime>
                <departureTime>17:00:00</departureTime>
                <order>4</order>
            </vehicleJourneyAtStop>
            <vehicleJourneyAtStop>
                <stopPointId>teb2016:StopPoint:475</stopPointId>
                <vehicleJourneyId>teb_:VehicleJourney:214</vehicleJourneyId>
                <arrivalTime>17:02:00</arrivalTime>
                <departureTime>17:02:00</departureTime>
                <order>5</order>
            </vehicleJourneyAtStop>
        </VehicleJourney>
        <VehicleJourney>
            <objectId>teb_:VehicleJourney:213</objectId>
            <objectVersion>7</objectVersion>
            <creationTime>2018-08-26T22:57:23</creationTime>
            <creatorId>chouette</creatorId>
            <routeId>teb_:Route:23</routeId>
            <journeyPatternId>teb_:JourneyPattern:115</journeyPatternId>
            <publishedJourneyName>UCEL Fontanille</publishedJourneyName>
            <transportMode>Coach</transportMode>
            <number>27022</number>
            <vehicleJourneyAtStop>
                <stopPointId>teb_:StopPoint:356</stopPointId>
                <vehicleJourneyId>teb_:VehicleJourney:213</vehicleJourneyId>
                <arrivalTime>13:15:00</arrivalTime>
                <departureTime>13:15:00</departureTime>
                <order>1</order>
            </vehicleJourneyAtStop>
            <vehicleJourneyAtStop>
                <stopPointId>teb_:StopPoint:357</stopPointId>
                <vehicleJourneyId>teb_:VehicleJourney:213</vehicleJourneyId>
                <arrivalTime>13:23:00</arrivalTime>
                <departureTime>13:23:00</departureTime>
                <order>2</order>
            </vehicleJourneyAtStop>
            <vehicleJourneyAtStop>
                <stopPointId>teb_:StopPoint:360</stopPointId>
                <vehicleJourneyId>teb_:VehicleJourney:213</vehicleJourneyId>
                <arrivalTime>13:24:00</arrivalTime>
                <departureTime>13:24:00</departureTime>
                <order>3</order>
            </vehicleJourneyAtStop>
            <vehicleJourneyAtStop>
                <stopPointId>teb_:StopPoint:361</stopPointId>
                <vehicleJourneyId>teb_:VehicleJourney:213</vehicleJourneyId>
                <arrivalTime>13:25:00</arrivalTime>
                <departureTime>13:25:00</departureTime>
                <order>4</order>
            </vehicleJourneyAtStop>
            <vehicleJourneyAtStop>
                <stopPointId>teb2016:StopPoint:475</stopPointId>
                <vehicleJourneyId>teb_:VehicleJourney:213</vehicleJourneyId>
                <arrivalTime>13:27:00</arrivalTime>
                <departureTime>13:27:00</departureTime>
                <order>5</order>
            </vehicleJourneyAtStop>
        </VehicleJourney>
        <VehicleJourney>
            <objectId>teb_:VehicleJourney:211</objectId>
            <objectVersion>7</objectVersion>
            <creationTime>2018-08-26T22:57:14</creationTime>
            <creatorId>chouette</creatorId>
            <routeId>teb_:Route:23</routeId>
            <journeyPatternId>teb_:JourneyPattern:114</journeyPatternId>
            <publishedJourneyName>UCEL Les Combes</publishedJourneyName>
            <transportMode>Coach</transportMode>
            <number>27021</number>
            <vehicleJourneyAtStop>
                <stopPointId>teb_:StopPoint:356</stopPointId>
                <vehicleJourneyId>teb_:VehicleJourney:211</vehicleJourneyId>
                <arrivalTime>13:00:00</arrivalTime>
                <departureTime>13:00:00</departureTime>
                <order>1</order>
            </vehicleJourneyAtStop>
            <vehicleJourneyAtStop>
                <stopPointId>teb_:StopPoint:357</stopPointId>
                <vehicleJourneyId>teb_:VehicleJourney:211</vehicleJourneyId>
                <arrivalTime>13:08:00</arrivalTime>
                <departureTime>13:08:00</departureTime>
                <order>2</order>
            </vehicleJourneyAtStop>
            <vehicleJourneyAtStop>
                <stopPointId>teb_:StopPoint:358</stopPointId>
                <vehicleJourneyId>teb_:VehicleJourney:211</vehicleJourneyId>
                <arrivalTime>13:09:00</arrivalTime>
                <departureTime>13:09:00</departureTime>
                <order>3</order>
            </vehicleJourneyAtStop>
            <vehicleJourneyAtStop>
                <stopPointId>teb_:StopPoint:359</stopPointId>
                <vehicleJourneyId>teb_:VehicleJourney:211</vehicleJourneyId>
                <arrivalTime>13:10:00</arrivalTime>
                <departureTime>13:10:00</departureTime>
                <order>4</order>
            </vehicleJourneyAtStop>
        </VehicleJourney>
        <VehicleJourney>
            <objectId>teb_:VehicleJourney:212</objectId>
            <objectVersion>10</objectVersion>
            <creationTime>2018-08-26T22:57:31</creationTime>
            <creatorId>chouette</creatorId>
            <routeId>teb_:Route:23</routeId>
            <journeyPatternId>teb_:JourneyPattern:114</journeyPatternId>
            <publishedJourneyName>UCEL Les Combes</publishedJourneyName>
            <transportMode>Coach</transportMode>
            <number>27041</number>
            <vehicleJourneyAtStop>
                <stopPointId>teb_:StopPoint:356</stopPointId>
                <vehicleJourneyId>teb_:VehicleJourney:212</vehicleJourneyId>
                <arrivalTime>16:35:00</arrivalTime>
                <departureTime>16:35:00</departureTime>
                <order>1</order>
            </vehicleJourneyAtStop>
            <vehicleJourneyAtStop>
                <stopPointId>teb_:StopPoint:357</stopPointId>
                <vehicleJourneyId>teb_:VehicleJourney:212</vehicleJourneyId>
                <arrivalTime>16:43:00</arrivalTime>
                <departureTime>16:43:00</departureTime>
                <order>2</order>
            </vehicleJourneyAtStop>
            <vehicleJourneyAtStop>
                <stopPointId>teb_:StopPoint:358</stopPointId>
                <vehicleJourneyId>teb_:VehicleJourney:212</vehicleJourneyId>
                <arrivalTime>16:44:00</arrivalTime>
                <departureTime>16:44:00</departureTime>
                <order>3</order>
            </vehicleJourneyAtStop>
            <vehicleJourneyAtStop>
                <stopPointId>teb_:StopPoint:359</stopPointId>
                <vehicleJourneyId>teb_:VehicleJourney:212</vehicleJourneyId>
                <arrivalTime>16:45:00</arrivalTime>
                <departureTime>16:45:00</departureTime>
                <order>4</order>
            </vehicleJourneyAtStop>
        </VehicleJourney>
        <VehicleJourney>
            <objectId>teb_:VehicleJourney:210</objectId>
            <objectVersion>7</objectVersion>
            <creationTime>2018-08-26T22:56:39</creationTime>
            <creatorId>chouette</creatorId>
            <routeId>teb_:Route:22</routeId>
            <journeyPatternId>teb_:JourneyPattern:113</journeyPatternId>
            <publishedJourneyName>VALS Collège</publishedJourneyName>
            <transportMode>Coach</transportMode>
            <number>27002</number>
            <vehicleJourneyAtStop>
                <stopPointId>teb_:StopPoint:351</stopPointId>
                <vehicleJourneyId>teb_:VehicleJourney:210</vehicleJourneyId>
                <arrivalTime>07:51:00</arrivalTime>
                <departureTime>07:51:00</departureTime>
                <order>1</order>
            </vehicleJourneyAtStop>
            <vehicleJourneyAtStop>
                <stopPointId>teb_:StopPoint:353</stopPointId>
                <vehicleJourneyId>teb_:VehicleJourney:210</vehicleJourneyId>
                <arrivalTime>07:52:00</arrivalTime>
                <departureTime>07:52:00</departureTime>
                <order>2</order>
            </vehicleJourneyAtStop>
            <vehicleJourneyAtStop>
                <stopPointId>teb_:StopPoint:354</stopPointId>
                <vehicleJourneyId>teb_:VehicleJourney:210</vehicleJourneyId>
                <arrivalTime>07:53:00</arrivalTime>
                <departureTime>07:53:00</departureTime>
                <order>3</order>
            </vehicleJourneyAtStop>
            <vehicleJourneyAtStop>
                <stopPointId>teb_:StopPoint:355</stopPointId>
                <vehicleJourneyId>teb_:VehicleJourney:210</vehicleJourneyId>
                <arrivalTime>08:00:00</arrivalTime>
                <departureTime>08:00:00</departureTime>
                <order>4</order>
            </vehicleJourneyAtStop>
        </VehicleJourney>
        <VehicleJourney>
            <objectId>teb_:VehicleJourney:209</objectId>
            <objectVersion>7</objectVersion>
            <creationTime>2018-08-26T22:56:27</creationTime>
            <creatorId>chouette</creatorId>
            <routeId>teb_:Route:22</routeId>
            <journeyPatternId>teb_:JourneyPattern:112</journeyPatternId>
            <publishedJourneyName>VALS Collège</publishedJourneyName>
            <transportMode>Coach</transportMode>
            <number>27001</number>
            <vehicleJourneyAtStop>
                <stopPointId>teb2016:StopPoint:474</stopPointId>
                <vehicleJourneyId>teb_:VehicleJourney:209</vehicleJourneyId>
                <arrivalTime>07:35:00</arrivalTime>
                <departureTime>07:35:00</departureTime>
                <order>1</order>
            </vehicleJourneyAtStop>
            <vehicleJourneyAtStop>
                <stopPointId>teb_:StopPoint:349</stopPointId>
                <vehicleJourneyId>teb_:VehicleJourney:209</vehicleJourneyId>
                <arrivalTime>07:37:00</arrivalTime>
                <departureTime>07:37:00</departureTime>
                <order>2</order>
            </vehicleJourneyAtStop>
            <vehicleJourneyAtStop>
                <stopPointId>teb_:StopPoint:350</stopPointId>
                <vehicleJourneyId>teb_:VehicleJourney:209</vehicleJourneyId>
                <arrivalTime>07:38:00</arrivalTime>
                <departureTime>07:38:00</departureTime>
                <order>3</order>
            </vehicleJourneyAtStop>
            <vehicleJourneyAtStop>
                <stopPointId>teb_:StopPoint:354</stopPointId>
                <vehicleJourneyId>teb_:VehicleJourney:209</vehicleJourneyId>
                <arrivalTime>07:38:00</arrivalTime>
                <departureTime>07:38:00</departureTime>
                <order>4</order>
            </vehicleJourneyAtStop>
            <vehicleJourneyAtStop>
                <stopPointId>teb_:StopPoint:355</stopPointId>
                <vehicleJourneyId>teb_:VehicleJourney:209</vehicleJourneyId>
                <arrivalTime>07:46:00</arrivalTime>
                <departureTime>07:46:00</departureTime>
                <order>5</order>
            </vehicleJourneyAtStop>
        </VehicleJourney>
    </ChouetteLineDescription>
</ChouettePTNetwork>
