<?xml version="1.0" encoding="UTF-8" standalone="yes"?>
<ChouettePTNetwork xmlns="http://www.trident.org/schema/trident" xmlns:acsb="http://www.ifopt.org.uk/acsb" xmlns:siri="http://www.siri.org.uk/siri">
    <PTNetwork>
        <objectId>toutenbus:PTNetwork:1</objectId>
        <objectVersion>4</objectVersion>
        <creationTime>2017-06-11T11:07:54</creationTime>
        <creatorId>chouette</creatorId>
        <versionDate>2016-03-29</versionDate>
        <name>Tout'enbus</name>
        <registration>
            <registrationNumber>1</registrationNumber>
        </registration>
        <sourceType>TransitOperator</sourceType>
    </PTNetwork>
    <GroupOfLine>
        <objectId>toutenbus:GroupOfLine:2</objectId>
        <objectVersion>4</objectVersion>
        <creationTime>2017-06-11T11:08:55</creationTime>
        <creatorId>chouette</creatorId>
        <name>Lignes scolaires</name>
        <lineId>toutenbus:Line:22</lineId>
    </GroupOfLine>
    <Company>
        <objectId>toutenbus:Company:1</objectId>
        <objectVersion>3</objectVersion>
        <creationTime>2017-09-11T15:53:32</creationTime>
        <creatorId>chouette</creatorId>
        <name>Tout'enbus</name>
        <shortName>TEB</shortName>
        <phone>0475892656</phone>
        <email>contact@toutenbus.fr</email>
        <registration>
            <registrationNumber>1</registrationNumber>
        </registration>
    </Company>
    <ChouetteArea>
        <StopArea>
            <objectId>teb_:StopArea:FONTANILLE_HAUT</objectId>
            <objectVersion>7</objectVersion>
            <creationTime>2016-09-01T09:22:47</creationTime>
            <creatorId>chouette</creatorId>
            <name>Fontanille Haut</name>
            <contains>teb_:StopPoint:242</contains>
            <contains>teb_:StopPoint:217</contains>
            <centroidOfArea>teb_:AreaCentroid:FONTANILLE_HAUT</centroidOfArea>
            <StopAreaExtension>
                <areaType>BoardingPosition</areaType>
                <fareCode>0</fareCode>
                <mobilityRestrictedSuitability>false</mobilityRestrictedSuitability>
                <stairsAvailability>false</stairsAvailability>
                <liftAvailability>false</liftAvailability>
            </StopAreaExtension>
        </StopArea>
        <StopArea>
            <objectId>teb_:StopArea:PLAINES</objectId>
            <objectVersion>5</objectVersion>
            <creationTime>2016-09-01T09:34:01</creationTime>
            <creatorId>chouette</creatorId>
            <name>Les Plaines</name>
            <contains>teb_:StopPoint:235</contains>
            <contains>teb_:StopPoint:224</contains>
            <centroidOfArea>teb_:AreaCentroid:PLAINES</centroidOfArea>
            <StopAreaExtension>
                <areaType>BoardingPosition</areaType>
                <fareCode>0</fareCode>
                <mobilityRestrictedSuitability>false</mobilityRestrictedSuitability>
                <stairsAvailability>false</stairsAvailability>
                <liftAvailability>false</liftAvailability>
            </StopAreaExtension>
        </StopArea>
        <StopArea>
            <objectId>teb_:StopArea:VIVETS</objectId>
            <objectVersion>5</objectVersion>
            <creationTime>2016-09-01T09:14:57</creationTime>
            <creatorId>chouette</creatorId>
            <name>Crt Les Vivets</name>
            <contains>teb_:StopPoint:238</contains>
            <contains>teb_:StopPoint:221</contains>
            <centroidOfArea>teb_:AreaCentroid:VIVETS</centroidOfArea>
            <StopAreaExtension>
                <areaType>BoardingPosition</areaType>
                <fareCode>0</fareCode>
                <mobilityRestrictedSuitability>false</mobilityRestrictedSuitability>
                <stairsAvailability>false</stairsAvailability>
                <liftAvailability>false</liftAvailability>
            </StopAreaExtension>
        </StopArea>
        <StopArea>
            <objectId>teb_:StopArea:CHAMBOULAS</objectId>
            <objectVersion>5</objectVersion>
            <creationTime>2016-09-01T09:04:08</creationTime>
            <creatorId>chouette</creatorId>
            <name>Chamboulas</name>
            <contains>teb_:StopPoint:245</contains>
            <contains>teb_:StopPoint:214</contains>
            <centroidOfArea>teb_:AreaCentroid:CHAMBOULAS</centroidOfArea>
            <StopAreaExtension>
                <areaType>BoardingPosition</areaType>
                <fareCode>0</fareCode>
                <mobilityRestrictedSuitability>false</mobilityRestrictedSuitability>
                <stairsAvailability>false</stairsAvailability>
                <liftAvailability>false</liftAvailability>
            </StopAreaExtension>
        </StopArea>
        <StopArea>
            <objectId>teb_:StopArea:GRUEL</objectId>
            <objectVersion>5</objectVersion>
            <creationTime>2016-09-01T09:31:24</creationTime>
            <creatorId>chouette</creatorId>
            <name>Le Gruel</name>
            <contains>teb_:StopPoint:240</contains>
            <contains>teb_:StopPoint:219</contains>
            <centroidOfArea>teb_:AreaCentroid:GRUEL</centroidOfArea>
            <StopAreaExtension>
                <areaType>BoardingPosition</areaType>
                <fareCode>0</fareCode>
                <mobilityRestrictedSuitability>false</mobilityRestrictedSuitability>
                <stairsAvailability>false</stairsAvailability>
                <liftAvailability>false</liftAvailability>
            </StopAreaExtension>
        </StopArea>
        <StopArea>
            <objectId>teb_:StopArea:STADE_ROQUA</objectId>
            <objectVersion>5</objectVersion>
            <creationTime>2016-08-24T21:56:11</creationTime>
            <creatorId>chouette</creatorId>
            <name>Stade Roqua</name>
            <contains>teb_:StopPoint:232</contains>
            <centroidOfArea>teb_:AreaCentroid:STADE_ROQUA</centroidOfArea>
            <StopAreaExtension>
                <areaType>BoardingPosition</areaType>
                <fareCode>0</fareCode>
                <mobilityRestrictedSuitability>false</mobilityRestrictedSuitability>
                <stairsAvailability>false</stairsAvailability>
                <liftAvailability>false</liftAvailability>
            </StopAreaExtension>
        </StopArea>
        <StopArea>
            <objectId>toutenbus:StopArea:NOUVELLE_ECOLE_PTUCEL</objectId>
            <objectVersion>1</objectVersion>
            <creationTime>2018-07-17T10:53:51</creationTime>
            <creatorId>chouette</creatorId>
            <name>Nouvelle Ecole de Pont d'Ucel</name>
            <contains>teb_:StopPoint:230</contains>
            <contains>teb_:StopPoint:227</contains>
            <contains>teb_:StopPoint:229</contains>
            <centroidOfArea>toutenbus:AreaCentroid:NOUVELLE_ECOLE_PTUCEL</centroidOfArea>
            <StopAreaExtension>
                <areaType>BoardingPosition</areaType>
            </StopAreaExtension>
        </StopArea>
        <StopArea>
            <objectId>teb_:StopArea:ECOLE_HAUT</objectId>
            <objectVersion>5</objectVersion>
            <creationTime>2016-09-01T09:19:23</creationTime>
            <creatorId>chouette</creatorId>
            <name>Ecole Du Haut - Ucel</name>
            <contains>teb_:StopPoint:239</contains>
            <contains>teb_:StopPoint:220</contains>
            <centroidOfArea>teb_:AreaCentroid:ECOLE_HAUT</centroidOfArea>
            <StopAreaExtension>
                <areaType>BoardingPosition</areaType>
                <fareCode>0</fareCode>
                <mobilityRestrictedSuitability>false</mobilityRestrictedSuitability>
                <stairsAvailability>false</stairsAvailability>
                <liftAvailability>false</liftAvailability>
            </StopAreaExtension>
        </StopArea>
        <StopArea>
            <objectId>teb_:StopArea:SARTRE</objectId>
            <objectVersion>5</objectVersion>
            <creationTime>2016-09-01T09:14:02</creationTime>
            <creatorId>chouette</creatorId>
            <name>Crt Le Sartre</name>
            <contains>teb_:StopPoint:236</contains>
            <contains>teb_:StopPoint:223</contains>
            <centroidOfArea>teb_:AreaCentroid:SARTRE</centroidOfArea>
            <StopAreaExtension>
                <areaType>BoardingPosition</areaType>
                <fareCode>0</fareCode>
                <mobilityRestrictedSuitability>false</mobilityRestrictedSuitability>
                <stairsAvailability>false</stairsAvailability>
                <liftAvailability>false</liftAvailability>
            </StopAreaExtension>
        </StopArea>
        <StopArea>
            <objectId>teb_:StopArea:MAS</objectId>
            <objectVersion>5</objectVersion>
            <creationTime>2016-09-01T09:31:53</creationTime>
            <creatorId>chouette</creatorId>
            <name>Le Mas</name>
            <contains>teb_:StopPoint:237</contains>
            <contains>teb_:StopPoint:222</contains>
            <centroidOfArea>teb_:AreaCentroid:MAS</centroidOfArea>
            <StopAreaExtension>
                <areaType>BoardingPosition</areaType>
                <fareCode>0</fareCode>
                <mobilityRestrictedSuitability>false</mobilityRestrictedSuitability>
                <stairsAvailability>false</stairsAvailability>
                <liftAvailability>false</liftAvailability>
            </StopAreaExtension>
        </StopArea>
        <StopArea>
            <objectId>teb_:StopArea:DUGRADUS</objectId>
            <objectVersion>6</objectVersion>
            <creationTime>2016-09-01T09:18:49</creationTime>
            <creatorId>chouette</creatorId>
            <name>Dugradus</name>
            <contains>teb_:StopPoint:231</contains>
            <contains>teb_:StopPoint:228</contains>
            <centroidOfArea>teb_:AreaCentroid:DUGRADUS</centroidOfArea>
            <StopAreaExtension>
                <areaType>BoardingPosition</areaType>
                <fareCode>0</fareCode>
                <mobilityRestrictedSuitability>false</mobilityRestrictedSuitability>
                <stairsAvailability>false</stairsAvailability>
                <liftAvailability>false</liftAvailability>
            </StopAreaExtension>
        </StopArea>
        <StopArea>
            <objectId>teb_:StopArea:GUSTADOU</objectId>
            <objectVersion>6</objectVersion>
            <creationTime>2016-09-01T09:31:38</creationTime>
            <creatorId>chouette</creatorId>
            <name>Le Gustadou</name>
            <contains>teb_:StopPoint:234</contains>
            <contains>teb_:StopPoint:225</contains>
            <centroidOfArea>teb_:AreaCentroid:GUSTADOU</centroidOfArea>
            <StopAreaExtension>
                <areaType>BoardingPosition</areaType>
                <fareCode>0</fareCode>
                <mobilityRestrictedSuitability>false</mobilityRestrictedSuitability>
                <stairsAvailability>false</stairsAvailability>
                <liftAvailability>false</liftAvailability>
            </StopAreaExtension>
        </StopArea>
        <StopArea>
            <objectId>teb_:StopArea:GRANGE_CREMADE</objectId>
            <objectVersion>6</objectVersion>
            <creationTime>2016-09-01T09:23:59</creationTime>
            <creatorId>chouette</creatorId>
            <name>Grange Crémade</name>
            <contains>teb_:StopPoint:243</contains>
            <contains>teb_:StopPoint:216</contains>
            <centroidOfArea>teb_:AreaCentroid:GRANGE_CREMADE</centroidOfArea>
            <StopAreaExtension>
                <areaType>BoardingPosition</areaType>
                <fareCode>0</fareCode>
                <mobilityRestrictedSuitability>false</mobilityRestrictedSuitability>
                <stairsAvailability>false</stairsAvailability>
                <liftAvailability>false</liftAvailability>
            </StopAreaExtension>
        </StopArea>
        <StopArea>
            <objectId>teb_:StopArea:COMBES</objectId>
            <objectVersion>5</objectVersion>
            <creationTime>2016-09-01T09:32:49</creationTime>
            <creatorId>chouette</creatorId>
            <name>Les Combes</name>
            <contains>teb_:StopPoint:244</contains>
            <contains>teb_:StopPoint:215</contains>
            <centroidOfArea>teb_:AreaCentroid:COMBES</centroidOfArea>
            <StopAreaExtension>
                <areaType>BoardingPosition</areaType>
                <fareCode>0</fareCode>
                <mobilityRestrictedSuitability>false</mobilityRestrictedSuitability>
                <stairsAvailability>false</stairsAvailability>
                <liftAvailability>false</liftAvailability>
            </StopAreaExtension>
        </StopArea>
        <StopArea>
            <objectId>teb_:StopArea:CLOS_CHENES</objectId>
            <objectVersion>6</objectVersion>
            <creationTime>2016-09-01T09:31:09</creationTime>
            <creatorId>chouette</creatorId>
            <name>Le Clos Des Chênes</name>
            <contains>teb_:StopPoint:233</contains>
            <contains>teb_:StopPoint:226</contains>
            <centroidOfArea>teb_:AreaCentroid:CLOS_CHENES</centroidOfArea>
            <StopAreaExtension>
                <areaType>BoardingPosition</areaType>
                <fareCode>0</fareCode>
                <mobilityRestrictedSuitability>false</mobilityRestrictedSuitability>
                <stairsAvailability>false</stairsAvailability>
                <liftAvailability>false</liftAvailability>
            </StopAreaExtension>
        </StopArea>
        <StopArea>
            <objectId>teb_:StopArea:FONTANILLE_BAS</objectId>
            <objectVersion>7</objectVersion>
            <creationTime>2016-09-01T09:22:32</creationTime>
            <creatorId>chouette</creatorId>
            <name>Fontanille Bas</name>
            <contains>teb_:StopPoint:241</contains>
            <contains>teb_:StopPoint:218</contains>
            <centroidOfArea>teb_:AreaCentroid:FONTANILLE_BAS</centroidOfArea>
            <StopAreaExtension>
                <areaType>BoardingPosition</areaType>
                <fareCode>0</fareCode>
                <mobilityRestrictedSuitability>false</mobilityRestrictedSuitability>
                <stairsAvailability>false</stairsAvailability>
                <liftAvailability>false</liftAvailability>
            </StopAreaExtension>
        </StopArea>
        <AreaCentroid>
            <objectId>teb_:AreaCentroid:FONTANILLE_HAUT</objectId>
            <objectVersion>7</objectVersion>
            <creationTime>2016-09-01T09:22:47</creationTime>
            <creatorId>chouette</creatorId>
            <longitude>4.3751173019409180</longitude>
            <latitude>44.6529579162597660</latitude>
            <longLatType>WGS84</longLatType>
            <address>
                <countryCode>07325</countryCode>
            </address>
            <projectedPoint>
                <X>809024.149317060015164315700531005859375</X>
                <Y>6395822.04720881767570972442626953125</Y>
                <projectionType>EPSG:2154</projectionType>
            </projectedPoint>
            <containedIn>teb_:StopArea:FONTANILLE_HAUT</containedIn>
            <name>Fontanille Haut</name>
        </AreaCentroid>
        <AreaCentroid>
            <objectId>teb_:AreaCentroid:PLAINES</objectId>
            <objectVersion>5</objectVersion>
            <creationTime>2016-09-01T09:34:01</creationTime>
            <creatorId>chouette</creatorId>
            <longitude>4.3990883827209470</longitude>
            <latitude>44.6348724365234400</latitude>
            <longLatType>WGS84</longLatType>
            <address>
                <countryCode>07325</countryCode>
            </address>
            <projectedPoint>
                <X>810960.056566128158010542392730712890625</X>
                <Y>6393846.84900509752333164215087890625</Y>
                <projectionType>EPSG:2154</projectionType>
            </projectedPoint>
            <containedIn>teb_:StopArea:PLAINES</containedIn>
            <name>Les Plaines</name>
        </AreaCentroid>
        <AreaCentroid>
            <objectId>teb_:AreaCentroid:VIVETS</objectId>
            <objectVersion>5</objectVersion>
            <creationTime>2016-09-01T09:14:57</creationTime>
            <creatorId>chouette</creatorId>
            <longitude>4.3920850753784180</longitude>
            <latitude>44.6401786804199200</latitude>
            <longLatType>WGS84</longLatType>
            <address>
                <countryCode>07325</countryCode>
            </address>
            <projectedPoint>
                <X>810394.299615162424743175506591796875</X>
                <Y>6394426.3492627553641796112060546875</Y>
                <projectionType>EPSG:2154</projectionType>
            </projectedPoint>
            <containedIn>teb_:StopArea:VIVETS</containedIn>
            <name>Crt Les Vivets</name>
        </AreaCentroid>
        <AreaCentroid>
            <objectId>teb_:AreaCentroid:CHAMBOULAS</objectId>
            <objectVersion>5</objectVersion>
            <creationTime>2016-09-01T09:04:08</creationTime>
            <creatorId>chouette</creatorId>
            <longitude>4.3759489059448240</longitude>
            <latitude>44.6450309753418000</latitude>
            <longLatType>WGS84</longLatType>
            <address>
                <countryCode>07325</countryCode>
            </address>
            <projectedPoint>
                <X>809105.4175145966000854969024658203125</X>
                <Y>6394942.822350484319031238555908203125</Y>
                <projectionType>EPSG:2154</projectionType>
            </projectedPoint>
            <containedIn>teb_:StopArea:CHAMBOULAS</containedIn>
            <name>Chamboulas</name>
        </AreaCentroid>
        <AreaCentroid>
            <objectId>teb_:AreaCentroid:GRUEL</objectId>
            <objectVersion>5</objectVersion>
            <creationTime>2016-09-01T09:31:24</creationTime>
            <creatorId>chouette</creatorId>
            <longitude>4.3833193778991700</longitude>
            <latitude>44.6482124328613300</latitude>
            <longLatType>WGS84</longLatType>
            <address>
                <countryCode>07325</countryCode>
            </address>
            <projectedPoint>
                <X>809683.60643369355238974094390869140625</X>
                <Y>6395306.36904942989349365234375</Y>
                <projectionType>EPSG:2154</projectionType>
            </projectedPoint>
            <containedIn>teb_:StopArea:GRUEL</containedIn>
            <name>Le Gruel</name>
        </AreaCentroid>
        <AreaCentroid>
            <objectId>teb_:AreaCentroid:STADE_ROQUA</objectId>
            <objectVersion>5</objectVersion>
            <creationTime>2016-08-24T21:56:11</creationTime>
            <creatorId>chouette</creatorId>
            <longitude>4.3873205184936520</longitude>
            <latitude>44.6276664733886700</latitude>
            <longLatType>WGS84</longLatType>
            <address>
                <countryCode>07019</countryCode>
            </address>
            <projectedPoint>
                <X>810040.91980238701216876506805419921875</X>
                <Y>6393030.077645905315876007080078125</Y>
                <projectionType>EPSG:2154</projectionType>
            </projectedPoint>
            <containedIn>teb_:StopArea:STADE_ROQUA</containedIn>
            <name>Stade Roqua</name>
        </AreaCentroid>
        <AreaCentroid>
            <objectId>toutenbus:AreaCentroid:NOUVELLE_ECOLE_PTUCEL</objectId>
            <objectVersion>1</objectVersion>
            <creationTime>2018-07-17T10:53:51</creationTime>
            <creatorId>chouette</creatorId>
            <longitude>4.4014180000000000</longitude>
            <latitude>44.6291400000000000</latitude>
            <longLatType>WGS84</longLatType>
            <address>
                <countryCode>07325</countryCode>
            </address>
            <projectedPoint>
                <X>811156.096785451169125735759735107421875</X>
                <Y>6393213.47509737126529216766357421875</Y>
                <projectionType>EPSG:2154</projectionType>
            </projectedPoint>
            <containedIn>toutenbus:StopArea:NOUVELLE_ECOLE_PTUCEL</containedIn>
            <name>Nouvelle Ecole de Pont d'Ucel</name>
        </AreaCentroid>
        <AreaCentroid>
            <objectId>teb_:AreaCentroid:ECOLE_HAUT</objectId>
            <objectVersion>5</objectVersion>
            <creationTime>2016-09-01T09:19:23</creationTime>
            <creatorId>chouette</creatorId>
            <longitude>4.3846178054809570</longitude>
            <latitude>44.6428833007812500</latitude>
            <longLatType>WGS84</longLatType>
            <address>
                <countryCode>07325</countryCode>
            </address>
            <projectedPoint>
                <X>809796.927785080741159617900848388671875</X>
                <Y>6394716.3154940493404865264892578125</Y>
                <projectionType>EPSG:2154</projectionType>
            </projectedPoint>
            <containedIn>teb_:StopArea:ECOLE_HAUT</containedIn>
            <name>Ecole Du Haut - Ucel</name>
        </AreaCentroid>
        <AreaCentroid>
            <objectId>teb_:AreaCentroid:SARTRE</objectId>
            <objectVersion>5</objectVersion>
            <creationTime>2016-09-01T09:14:02</creationTime>
            <creatorId>chouette</creatorId>
            <longitude>4.3975620269775390</longitude>
            <latitude>44.6337280273437500</latitude>
            <longLatType>WGS84</longLatType>
            <address>
                <countryCode>07325</countryCode>
            </address>
            <projectedPoint>
                <X>810841.26550524472258985042572021484375</X>
                <Y>6393717.60604893974959850311279296875</Y>
                <projectionType>EPSG:2154</projectionType>
            </projectedPoint>
            <containedIn>teb_:StopArea:SARTRE</containedIn>
            <name>Crt Le Sartre</name>
        </AreaCentroid>
        <AreaCentroid>
            <objectId>teb_:AreaCentroid:MAS</objectId>
            <objectVersion>5</objectVersion>
            <creationTime>2016-09-01T09:31:53</creationTime>
            <creatorId>chouette</creatorId>
            <longitude>4.3935766220092770</longitude>
            <latitude>44.6376800537109400</latitude>
            <longLatType>WGS84</longLatType>
            <address>
                <countryCode>07325</countryCode>
            </address>
            <projectedPoint>
                <X>810517.467071390710771083831787109375</X>
                <Y>6394150.935866584070026874542236328125</Y>
                <projectionType>EPSG:2154</projectionType>
            </projectedPoint>
            <containedIn>teb_:StopArea:MAS</containedIn>
            <name>Le Mas</name>
        </AreaCentroid>
        <AreaCentroid>
            <objectId>teb_:AreaCentroid:DUGRADUS</objectId>
            <objectVersion>6</objectVersion>
            <creationTime>2016-09-01T09:18:49</creationTime>
            <creatorId>chouette</creatorId>
            <longitude>4.3867316246032715</longitude>
            <latitude>44.6343994140625000</latitude>
            <longLatType>WGS84</longLatType>
            <address>
                <countryCode>07325</countryCode>
            </address>
            <projectedPoint>
                <X>809981.08049371349625289440155029296875</X>
                <Y>6393777.027169833891093730926513671875</Y>
                <projectionType>EPSG:2154</projectionType>
            </projectedPoint>
            <containedIn>teb_:StopArea:DUGRADUS</containedIn>
            <name>Dugradus</name>
        </AreaCentroid>
        <AreaCentroid>
            <objectId>teb_:AreaCentroid:GUSTADOU</objectId>
            <objectVersion>6</objectVersion>
            <creationTime>2016-09-01T09:31:38</creationTime>
            <creatorId>chouette</creatorId>
            <longitude>4.3991098403930660</longitude>
            <latitude>44.6364097595214840</latitude>
            <longLatType>WGS84</longLatType>
            <address>
                <countryCode>07325</countryCode>
            </address>
            <projectedPoint>
                <X>810958.73263035714626312255859375</X>
                <Y>6394017.6156726442277431488037109375</Y>
                <projectionType>EPSG:2154</projectionType>
            </projectedPoint>
            <containedIn>teb_:StopArea:GUSTADOU</containedIn>
            <name>Le Gustadou</name>
        </AreaCentroid>
        <AreaCentroid>
            <objectId>teb_:AreaCentroid:GRANGE_CREMADE</objectId>
            <objectVersion>6</objectVersion>
            <creationTime>2016-09-01T09:23:59</creationTime>
            <creatorId>chouette</creatorId>
            <longitude>4.3757157325744630</longitude>
            <latitude>44.6541824340820300</latitude>
            <longLatType>WGS84</longLatType>
            <address>
                <countryCode>07325</countryCode>
            </address>
            <projectedPoint>
                <X>809069.22059456561692059040069580078125</X>
                <Y>6395958.8695006929337978363037109375</Y>
                <projectionType>EPSG:2154</projectionType>
            </projectedPoint>
            <containedIn>teb_:StopArea:GRANGE_CREMADE</containedIn>
            <name>Grange Crémade</name>
        </AreaCentroid>
        <AreaCentroid>
            <objectId>teb_:AreaCentroid:COMBES</objectId>
            <objectVersion>5</objectVersion>
            <creationTime>2016-09-01T09:32:49</creationTime>
            <creatorId>chouette</creatorId>
            <longitude>4.3809003829956055</longitude>
            <latitude>44.6554183959960940</latitude>
            <longLatType>WGS84</longLatType>
            <address>
                <countryCode>07325</countryCode>
            </address>
            <projectedPoint>
                <X>809477.82641838002018630504608154296875</X>
                <Y>6396103.311065628193318843841552734375</Y>
                <projectionType>EPSG:2154</projectionType>
            </projectedPoint>
            <containedIn>teb_:StopArea:COMBES</containedIn>
            <name>Les Combes</name>
        </AreaCentroid>
        <AreaCentroid>
            <objectId>teb_:AreaCentroid:CLOS_CHENES</objectId>
            <objectVersion>6</objectVersion>
            <creationTime>2016-09-01T09:31:09</creationTime>
            <creatorId>chouette</creatorId>
            <longitude>4.4010462760925290</longitude>
            <latitude>44.6333618164062500</latitude>
            <longLatType>WGS84</longLatType>
            <address>
                <countryCode>07325</countryCode>
            </address>
            <projectedPoint>
                <X>811118.295609934837557375431060791015625</X>
                <Y>6393681.8313175030052661895751953125</Y>
                <projectionType>EPSG:2154</projectionType>
            </projectedPoint>
            <containedIn>teb_:StopArea:CLOS_CHENES</containedIn>
            <name>Le Clos Des Chênes</name>
        </AreaCentroid>
        <AreaCentroid>
            <objectId>teb_:AreaCentroid:FONTANILLE_BAS</objectId>
            <objectVersion>7</objectVersion>
            <creationTime>2016-09-01T09:22:32</creationTime>
            <creatorId>chouette</creatorId>
            <longitude>4.3756618499755860</longitude>
            <latitude>44.6506500244140600</latitude>
            <longLatType>WGS84</longLatType>
            <address>
                <countryCode>07325</countryCode>
            </address>
            <projectedPoint>
                <X>809071.784561525913886725902557373046875</X>
                <Y>6395566.482870782725512981414794921875</Y>
                <projectionType>EPSG:2154</projectionType>
            </projectedPoint>
            <containedIn>teb_:StopArea:FONTANILLE_BAS</containedIn>
            <name>Fontanille Bas</name>
        </AreaCentroid>
    </ChouetteArea>
    <ConnectionLink>
        <objectId>teb_:ConnectionLink:STADE_ROQUA_STADE_ROQUA</objectId>
        <objectVersion>1</objectVersion>
        <creationTime>2016-03-26T00:21:28</creationTime>
        <name>from Stade Roqua to Stade Roqua</name>
        <startOfLink>teb_:StopArea:STADE_ROQUA</startOfLink>
        <endOfLink>teb_:StopArea:STADE_ROQUA</endOfLink>
        <linkType>Overground</linkType>
        <mobilityRestrictedSuitability>false</mobilityRestrictedSuitability>
        <stairsAvailability>false</stairsAvailability>
        <liftAvailability>false</liftAvailability>
    </ConnectionLink>
    <Timetable>
        <objectId>toutenbus:Timetable:1819-03_1</objectId>
        <objectVersion>5</objectVersion>
        <creationTime>2018-08-26T23:24:51</creationTime>
        <creatorId>chouette</creatorId>
        <version>2018-19-LMJV-Sco-03.09</version>
        <calendarDay>2018-09-03</calendarDay>
        <calendarDay>2018-09-04</calendarDay>
        <calendarDay>2018-09-06</calendarDay>
        <calendarDay>2018-09-07</calendarDay>
        <calendarDay>2018-09-10</calendarDay>
        <calendarDay>2018-09-11</calendarDay>
        <calendarDay>2018-09-13</calendarDay>
        <calendarDay>2018-09-14</calendarDay>
        <calendarDay>2018-09-17</calendarDay>
        <calendarDay>2018-09-18</calendarDay>
        <calendarDay>2018-09-20</calendarDay>
        <calendarDay>2018-09-21</calendarDay>
        <calendarDay>2018-09-24</calendarDay>
        <calendarDay>2018-09-25</calendarDay>
        <calendarDay>2018-09-27</calendarDay>
        <calendarDay>2018-09-28</calendarDay>
        <calendarDay>2018-10-01</calendarDay>
        <calendarDay>2018-10-02</calendarDay>
        <calendarDay>2018-10-04</calendarDay>
        <calendarDay>2018-10-05</calendarDay>
        <calendarDay>2018-10-08</calendarDay>
        <calendarDay>2018-10-09</calendarDay>
        <calendarDay>2018-10-11</calendarDay>
        <calendarDay>2018-10-12</calendarDay>
        <calendarDay>2018-10-15</calendarDay>
        <calendarDay>2018-10-16</calendarDay>
        <calendarDay>2018-10-18</calendarDay>
        <calendarDay>2018-10-19</calendarDay>
        <calendarDay>2018-11-05</calendarDay>
        <calendarDay>2018-11-06</calendarDay>
        <calendarDay>2018-11-08</calendarDay>
        <calendarDay>2018-11-09</calendarDay>
        <calendarDay>2018-11-12</calendarDay>
        <calendarDay>2018-11-13</calendarDay>
        <calendarDay>2018-11-15</calendarDay>
        <calendarDay>2018-11-16</calendarDay>
        <calendarDay>2018-11-19</calendarDay>
        <calendarDay>2018-11-20</calendarDay>
        <calendarDay>2018-11-22</calendarDay>
        <calendarDay>2018-11-23</calendarDay>
        <calendarDay>2018-11-26</calendarDay>
        <calendarDay>2018-11-27</calendarDay>
        <calendarDay>2018-11-29</calendarDay>
        <calendarDay>2018-11-30</calendarDay>
        <calendarDay>2018-12-03</calendarDay>
        <calendarDay>2018-12-04</calendarDay>
        <calendarDay>2018-12-06</calendarDay>
        <calendarDay>2018-12-07</calendarDay>
        <calendarDay>2018-12-10</calendarDay>
        <calendarDay>2018-12-11</calendarDay>
        <calendarDay>2018-12-13</calendarDay>
        <calendarDay>2018-12-14</calendarDay>
        <calendarDay>2018-12-17</calendarDay>
        <calendarDay>2018-12-18</calendarDay>
        <calendarDay>2018-12-20</calendarDay>
        <calendarDay>2018-12-21</calendarDay>
        <calendarDay>2019-01-07</calendarDay>
        <calendarDay>2019-01-08</calendarDay>
        <calendarDay>2019-01-10</calendarDay>
        <calendarDay>2019-01-11</calendarDay>
        <calendarDay>2019-01-14</calendarDay>
        <calendarDay>2019-01-15</calendarDay>
        <calendarDay>2019-01-17</calendarDay>
        <calendarDay>2019-01-18</calendarDay>
        <calendarDay>2019-01-21</calendarDay>
        <calendarDay>2019-01-22</calendarDay>
        <calendarDay>2019-01-24</calendarDay>
        <calendarDay>2019-01-25</calendarDay>
        <calendarDay>2019-01-28</calendarDay>
        <calendarDay>2019-01-29</calendarDay>
        <calendarDay>2019-01-31</calendarDay>
        <calendarDay>2019-02-01</calendarDay>
        <calendarDay>2019-02-04</calendarDay>
        <calendarDay>2019-02-05</calendarDay>
        <calendarDay>2019-02-07</calendarDay>
        <calendarDay>2019-02-08</calendarDay>
        <calendarDay>2019-02-11</calendarDay>
        <calendarDay>2019-02-12</calendarDay>
        <calendarDay>2019-02-14</calendarDay>
        <calendarDay>2019-02-15</calendarDay>
        <calendarDay>2019-03-04</calendarDay>
        <calendarDay>2019-03-05</calendarDay>
        <calendarDay>2019-03-07</calendarDay>
        <calendarDay>2019-03-08</calendarDay>
        <calendarDay>2019-03-11</calendarDay>
        <calendarDay>2019-03-12</calendarDay>
        <calendarDay>2019-03-14</calendarDay>
        <calendarDay>2019-03-15</calendarDay>
        <calendarDay>2019-03-18</calendarDay>
        <calendarDay>2019-03-19</calendarDay>
        <calendarDay>2019-03-21</calendarDay>
        <calendarDay>2019-03-22</calendarDay>
        <calendarDay>2019-03-25</calendarDay>
        <calendarDay>2019-03-26</calendarDay>
        <calendarDay>2019-03-28</calendarDay>
        <calendarDay>2019-03-29</calendarDay>
        <calendarDay>2019-04-01</calendarDay>
        <calendarDay>2019-04-02</calendarDay>
        <calendarDay>2019-04-04</calendarDay>
        <calendarDay>2019-04-05</calendarDay>
        <calendarDay>2019-04-08</calendarDay>
        <calendarDay>2019-04-09</calendarDay>
        <calendarDay>2019-04-11</calendarDay>
        <calendarDay>2019-04-12</calendarDay>
        <calendarDay>2019-04-29</calendarDay>
        <calendarDay>2019-04-30</calendarDay>
        <calendarDay>2019-05-02</calendarDay>
        <calendarDay>2019-05-03</calendarDay>
        <calendarDay>2019-05-06</calendarDay>
        <calendarDay>2019-05-07</calendarDay>
        <calendarDay>2019-05-09</calendarDay>
        <calendarDay>2019-05-10</calendarDay>
        <calendarDay>2019-05-13</calendarDay>
        <calendarDay>2019-05-14</calendarDay>
        <calendarDay>2019-05-16</calendarDay>
        <calendarDay>2019-05-17</calendarDay>
        <calendarDay>2019-05-20</calendarDay>
        <calendarDay>2019-05-21</calendarDay>
        <calendarDay>2019-05-23</calendarDay>
        <calendarDay>2019-05-24</calendarDay>
        <calendarDay>2019-05-27</calendarDay>
        <calendarDay>2019-05-28</calendarDay>
        <calendarDay>2019-06-03</calendarDay>
        <calendarDay>2019-06-04</calendarDay>
        <calendarDay>2019-06-06</calendarDay>
        <calendarDay>2019-06-07</calendarDay>
        <calendarDay>2019-06-11</calendarDay>
        <calendarDay>2019-06-13</calendarDay>
        <calendarDay>2019-06-14</calendarDay>
        <calendarDay>2019-06-17</calendarDay>
        <calendarDay>2019-06-18</calendarDay>
        <calendarDay>2019-06-20</calendarDay>
        <calendarDay>2019-06-21</calendarDay>
        <calendarDay>2019-06-24</calendarDay>
        <calendarDay>2019-06-25</calendarDay>
        <calendarDay>2019-06-27</calendarDay>
        <calendarDay>2019-06-28</calendarDay>
        <calendarDay>2019-07-01</calendarDay>
        <calendarDay>2019-07-02</calendarDay>
        <calendarDay>2019-07-04</calendarDay>
        <calendarDay>2019-07-05</calendarDay>
        <dayType>Monday</dayType>
        <dayType>Tuesday</dayType>
        <dayType>Thursday</dayType>
        <dayType>Friday</dayType>
        <vehicleJourneyId>teb_:VehicleJourney:192</vehicleJourneyId>
        <comment>2018-19 / LMJV Période Scolaire 3/09</comment>
    </Timetable>
    <Timetable>
        <objectId>toutenbus:Timetable:1819-02_1</objectId>
        <objectVersion>3</objectVersion>
        <creationTime>2018-08-26T22:21:13</creationTime>
        <creatorId>chouette</creatorId>
        <version>2018-19-LMMeJV-Sco-03.09</version>
        <calendarDay>2018-09-03</calendarDay>
        <calendarDay>2018-09-04</calendarDay>
        <calendarDay>2018-09-05</calendarDay>
        <calendarDay>2018-09-06</calendarDay>
        <calendarDay>2018-09-07</calendarDay>
        <calendarDay>2018-09-10</calendarDay>
        <calendarDay>2018-09-11</calendarDay>
        <calendarDay>2018-09-12</calendarDay>
        <calendarDay>2018-09-13</calendarDay>
        <calendarDay>2018-09-14</calendarDay>
        <calendarDay>2018-09-17</calendarDay>
        <calendarDay>2018-09-18</calendarDay>
        <calendarDay>2018-09-19</calendarDay>
        <calendarDay>2018-09-20</calendarDay>
        <calendarDay>2018-09-21</calendarDay>
        <calendarDay>2018-09-24</calendarDay>
        <calendarDay>2018-09-25</calendarDay>
        <calendarDay>2018-09-26</calendarDay>
        <calendarDay>2018-09-27</calendarDay>
        <calendarDay>2018-09-28</calendarDay>
        <calendarDay>2018-10-01</calendarDay>
        <calendarDay>2018-10-02</calendarDay>
        <calendarDay>2018-10-03</calendarDay>
        <calendarDay>2018-10-04</calendarDay>
        <calendarDay>2018-10-05</calendarDay>
        <calendarDay>2018-10-08</calendarDay>
        <calendarDay>2018-10-09</calendarDay>
        <calendarDay>2018-10-10</calendarDay>
        <calendarDay>2018-10-11</calendarDay>
        <calendarDay>2018-10-12</calendarDay>
        <calendarDay>2018-10-15</calendarDay>
        <calendarDay>2018-10-16</calendarDay>
        <calendarDay>2018-10-17</calendarDay>
        <calendarDay>2018-10-18</calendarDay>
        <calendarDay>2018-10-19</calendarDay>
        <calendarDay>2018-11-05</calendarDay>
        <calendarDay>2018-11-06</calendarDay>
        <calendarDay>2018-11-07</calendarDay>
        <calendarDay>2018-11-08</calendarDay>
        <calendarDay>2018-11-09</calendarDay>
        <calendarDay>2018-11-12</calendarDay>
        <calendarDay>2018-11-13</calendarDay>
        <calendarDay>2018-11-14</calendarDay>
        <calendarDay>2018-11-15</calendarDay>
        <calendarDay>2018-11-16</calendarDay>
        <calendarDay>2018-11-19</calendarDay>
        <calendarDay>2018-11-20</calendarDay>
        <calendarDay>2018-11-21</calendarDay>
        <calendarDay>2018-11-22</calendarDay>
        <calendarDay>2018-11-23</calendarDay>
        <calendarDay>2018-11-26</calendarDay>
        <calendarDay>2018-11-27</calendarDay>
        <calendarDay>2018-11-28</calendarDay>
        <calendarDay>2018-11-29</calendarDay>
        <calendarDay>2018-11-30</calendarDay>
        <calendarDay>2018-12-03</calendarDay>
        <calendarDay>2018-12-04</calendarDay>
        <calendarDay>2018-12-05</calendarDay>
        <calendarDay>2018-12-06</calendarDay>
        <calendarDay>2018-12-07</calendarDay>
        <calendarDay>2018-12-10</calendarDay>
        <calendarDay>2018-12-11</calendarDay>
        <calendarDay>2018-12-12</calendarDay>
        <calendarDay>2018-12-13</calendarDay>
        <calendarDay>2018-12-14</calendarDay>
        <calendarDay>2018-12-17</calendarDay>
        <calendarDay>2018-12-18</calendarDay>
        <calendarDay>2018-12-19</calendarDay>
        <calendarDay>2018-12-20</calendarDay>
        <calendarDay>2018-12-21</calendarDay>
        <calendarDay>2019-01-07</calendarDay>
        <calendarDay>2019-01-08</calendarDay>
        <calendarDay>2019-01-09</calendarDay>
        <calendarDay>2019-01-10</calendarDay>
        <calendarDay>2019-01-11</calendarDay>
        <calendarDay>2019-01-14</calendarDay>
        <calendarDay>2019-01-15</calendarDay>
        <calendarDay>2019-01-16</calendarDay>
        <calendarDay>2019-01-17</calendarDay>
        <calendarDay>2019-01-18</calendarDay>
        <calendarDay>2019-01-21</calendarDay>
        <calendarDay>2019-01-22</calendarDay>
        <calendarDay>2019-01-23</calendarDay>
        <calendarDay>2019-01-24</calendarDay>
        <calendarDay>2019-01-25</calendarDay>
        <calendarDay>2019-01-28</calendarDay>
        <calendarDay>2019-01-29</calendarDay>
        <calendarDay>2019-01-30</calendarDay>
        <calendarDay>2019-01-31</calendarDay>
        <calendarDay>2019-02-01</calendarDay>
        <calendarDay>2019-02-04</calendarDay>
        <calendarDay>2019-02-05</calendarDay>
        <calendarDay>2019-02-06</calendarDay>
        <calendarDay>2019-02-07</calendarDay>
        <calendarDay>2019-02-08</calendarDay>
        <calendarDay>2019-02-11</calendarDay>
        <calendarDay>2019-02-12</calendarDay>
        <calendarDay>2019-02-13</calendarDay>
        <calendarDay>2019-02-14</calendarDay>
        <calendarDay>2019-02-15</calendarDay>
        <calendarDay>2019-03-04</calendarDay>
        <calendarDay>2019-03-05</calendarDay>
        <calendarDay>2019-03-06</calendarDay>
        <calendarDay>2019-03-07</calendarDay>
        <calendarDay>2019-03-08</calendarDay>
        <calendarDay>2019-03-11</calendarDay>
        <calendarDay>2019-03-12</calendarDay>
        <calendarDay>2019-03-13</calendarDay>
        <calendarDay>2019-03-14</calendarDay>
        <calendarDay>2019-03-15</calendarDay>
        <calendarDay>2019-03-18</calendarDay>
        <calendarDay>2019-03-19</calendarDay>
        <calendarDay>2019-03-20</calendarDay>
        <calendarDay>2019-03-21</calendarDay>
        <calendarDay>2019-03-22</calendarDay>
        <calendarDay>2019-03-25</calendarDay>
        <calendarDay>2019-03-26</calendarDay>
        <calendarDay>2019-03-27</calendarDay>
        <calendarDay>2019-03-28</calendarDay>
        <calendarDay>2019-03-29</calendarDay>
        <calendarDay>2019-04-01</calendarDay>
        <calendarDay>2019-04-02</calendarDay>
        <calendarDay>2019-04-03</calendarDay>
        <calendarDay>2019-04-04</calendarDay>
        <calendarDay>2019-04-05</calendarDay>
        <calendarDay>2019-04-08</calendarDay>
        <calendarDay>2019-04-09</calendarDay>
        <calendarDay>2019-04-10</calendarDay>
        <calendarDay>2019-04-11</calendarDay>
        <calendarDay>2019-04-12</calendarDay>
        <calendarDay>2019-04-29</calendarDay>
        <calendarDay>2019-04-30</calendarDay>
        <calendarDay>2019-05-02</calendarDay>
        <calendarDay>2019-05-03</calendarDay>
        <calendarDay>2019-05-06</calendarDay>
        <calendarDay>2019-05-07</calendarDay>
        <calendarDay>2019-05-09</calendarDay>
        <calendarDay>2019-05-10</calendarDay>
        <calendarDay>2019-05-13</calendarDay>
        <calendarDay>2019-05-14</calendarDay>
        <calendarDay>2019-05-15</calendarDay>
        <calendarDay>2019-05-16</calendarDay>
        <calendarDay>2019-05-17</calendarDay>
        <calendarDay>2019-05-20</calendarDay>
        <calendarDay>2019-05-21</calendarDay>
        <calendarDay>2019-05-22</calendarDay>
        <calendarDay>2019-05-23</calendarDay>
        <calendarDay>2019-05-24</calendarDay>
        <calendarDay>2019-05-27</calendarDay>
        <calendarDay>2019-05-28</calendarDay>
        <calendarDay>2019-05-29</calendarDay>
        <calendarDay>2019-06-03</calendarDay>
        <calendarDay>2019-06-04</calendarDay>
        <calendarDay>2019-06-05</calendarDay>
        <calendarDay>2019-06-06</calendarDay>
        <calendarDay>2019-06-07</calendarDay>
        <calendarDay>2019-06-11</calendarDay>
        <calendarDay>2019-06-12</calendarDay>
        <calendarDay>2019-06-13</calendarDay>
        <calendarDay>2019-06-14</calendarDay>
        <calendarDay>2019-06-17</calendarDay>
        <calendarDay>2019-06-18</calendarDay>
        <calendarDay>2019-06-19</calendarDay>
        <calendarDay>2019-06-20</calendarDay>
        <calendarDay>2019-06-21</calendarDay>
        <calendarDay>2019-06-24</calendarDay>
        <calendarDay>2019-06-25</calendarDay>
        <calendarDay>2019-06-26</calendarDay>
        <calendarDay>2019-06-27</calendarDay>
        <calendarDay>2019-06-28</calendarDay>
        <calendarDay>2019-07-01</calendarDay>
        <calendarDay>2019-07-02</calendarDay>
        <calendarDay>2019-07-03</calendarDay>
        <calendarDay>2019-07-04</calendarDay>
        <calendarDay>2019-07-05</calendarDay>
        <dayType>Monday</dayType>
        <dayType>Tuesday</dayType>
        <dayType>Wednesday</dayType>
        <dayType>Thursday</dayType>
        <dayType>Friday</dayType>
        <vehicleJourneyId>teb_:VehicleJourney:190</vehicleJourneyId>
        <comment>2018-19 / LMMeJV Période Scolaire 3/09</comment>
    </Timetable>
    <ChouetteLineDescription>
        <Line>
            <objectId>toutenbus:Line:22</objectId>
            <objectVersion>14</objectVersion>
            <creationTime>2018-07-17T10:54:33</creationTime>
            <creatorId>chouette</creatorId>
            <name>UCEL Nouvelle Ecole - UCEL Chamboulas</name>
            <number>S2</number>
            <publishedName>UCEL Nouvelle Ecole - UCEL Chamboulas</publishedName>
            <transportModeName>Coach</transportModeName>
            <routeId>teb_:Route:14</routeId>
            <routeId>teb_:Route:13</routeId>
            <registration>
                <registrationNumber>22</registrationNumber>
            </registration>
            <ptNetworkIdShortcut>toutenbus:PTNetwork:1</ptNetworkIdShortcut>
        </Line>
        <ChouetteRoute>
            <objectId>teb_:Route:14</objectId>
            <objectVersion>11</objectVersion>
            <creationTime>2018-07-17T10:58:57</creationTime>
            <creatorId>chouette</creatorId>
            <name>UCEL Nouvelle Ecole - UCEL Chamboulas</name>
            <publishedName>UCEL Nouvelle Ecole - UCEL Chamboulas</publishedName>
            <direction>R</direction>
            <ptLinkId>teb_:PtLink:230A231</ptLinkId>
            <ptLinkId>teb_:PtLink:231A232</ptLinkId>
            <ptLinkId>teb_:PtLink:232A233</ptLinkId>
            <ptLinkId>teb_:PtLink:233A234</ptLinkId>
            <ptLinkId>teb_:PtLink:234A235</ptLinkId>
            <ptLinkId>teb_:PtLink:235A236</ptLinkId>
            <ptLinkId>teb_:PtLink:236A237</ptLinkId>
            <ptLinkId>teb_:PtLink:237A238</ptLinkId>
            <ptLinkId>teb_:PtLink:238A239</ptLinkId>
            <ptLinkId>teb_:PtLink:239A240</ptLinkId>
            <ptLinkId>teb_:PtLink:240A241</ptLinkId>
            <ptLinkId>teb_:PtLink:241A242</ptLinkId>
            <ptLinkId>teb_:PtLink:242A243</ptLinkId>
            <ptLinkId>teb_:PtLink:243A244</ptLinkId>
            <ptLinkId>teb_:PtLink:244A245</ptLinkId>
            <journeyPatternId>teb_:JourneyPattern:99</journeyPatternId>
            <wayBackRouteId>teb_:Route:13</wayBackRouteId>
            <RouteExtension>
                <wayBack>R</wayBack>
            </RouteExtension>
        </ChouetteRoute>
        <ChouetteRoute>
            <objectId>teb_:Route:13</objectId>
            <objectVersion>13</objectVersion>
            <creationTime>2018-07-17T10:59:23</creationTime>
            <creatorId>chouette</creatorId>
            <name>UCEL Chamboulas - UCEL Nouvelle Ecole</name>
            <publishedName>UCEL Chamboulas - UCEL Nouvelle Ecole</publishedName>
            <direction>A</direction>
            <ptLinkId>teb_:PtLink:214A215</ptLinkId>
            <ptLinkId>teb_:PtLink:215A216</ptLinkId>
            <ptLinkId>teb_:PtLink:216A217</ptLinkId>
            <ptLinkId>teb_:PtLink:217A218</ptLinkId>
            <ptLinkId>teb_:PtLink:218A219</ptLinkId>
            <ptLinkId>teb_:PtLink:219A220</ptLinkId>
            <ptLinkId>teb_:PtLink:220A221</ptLinkId>
            <ptLinkId>teb_:PtLink:221A222</ptLinkId>
            <ptLinkId>teb_:PtLink:222A223</ptLinkId>
            <ptLinkId>teb_:PtLink:223A224</ptLinkId>
            <ptLinkId>teb_:PtLink:224A225</ptLinkId>
            <ptLinkId>teb_:PtLink:225A226</ptLinkId>
            <ptLinkId>teb_:PtLink:226A227</ptLinkId>
            <ptLinkId>teb_:PtLink:227A228</ptLinkId>
            <ptLinkId>teb_:PtLink:228A229</ptLinkId>
            <journeyPatternId>teb_:JourneyPattern:98</journeyPatternId>
            <wayBackRouteId>teb_:Route:14</wayBackRouteId>
            <RouteExtension>
                <wayBack>A</wayBack>
            </RouteExtension>
        </ChouetteRoute>
        <StopPoint>
            <objectId>teb_:StopPoint:230</objectId>
            <objectVersion>3</objectVersion>
            <creationTime>2018-07-17T10:55:56</creationTime>
            <creatorId>chouette</creatorId>
            <longitude>4.4014180000000000</longitude>
            <latitude>44.6291400000000000</latitude>
            <longLatType>WGS84</longLatType>
            <projectedPoint>
                <X>811156.096785451169125735759735107421875</X>
                <Y>6393213.47509737126529216766357421875</Y>
                <projectionType>EPSG:2154</projectionType>
            </projectedPoint>
            <containedIn>toutenbus:StopArea:NOUVELLE_ECOLE_PTUCEL</containedIn>
            <name>Nouvelle Ecole de Pont d'Ucel</name>
        </StopPoint>
        <StopPoint>
            <objectId>teb_:StopPoint:231</objectId>
            <objectVersion>2</objectVersion>
            <creationTime>2016-03-29T11:57:40</creationTime>
            <creatorId>chouette</creatorId>
            <longitude>4.3867316246032715</longitude>
            <latitude>44.6343994140625000</latitude>
            <longLatType>WGS84</longLatType>
            <projectedPoint>
                <X>809981.08049371349625289440155029296875</X>
                <Y>6393777.027169833891093730926513671875</Y>
                <projectionType>EPSG:2154</projectionType>
            </projectedPoint>
            <containedIn>teb_:StopArea:DUGRADUS</containedIn>
            <name>Dugradus</name>
        </StopPoint>
        <StopPoint>
            <objectId>teb_:StopPoint:232</objectId>
            <objectVersion>2</objectVersion>
            <creationTime>2016-03-29T11:57:40</creationTime>
            <creatorId>chouette</creatorId>
            <longitude>4.3873205184936520</longitude>
            <latitude>44.6276664733886700</latitude>
            <longLatType>WGS84</longLatType>
            <projectedPoint>
                <X>810040.91980238701216876506805419921875</X>
                <Y>6393030.077645905315876007080078125</Y>
                <projectionType>EPSG:2154</projectionType>
            </projectedPoint>
            <containedIn>teb_:StopArea:STADE_ROQUA</containedIn>
            <name>Stade Roqua</name>
        </StopPoint>
        <StopPoint>
            <objectId>teb_:StopPoint:233</objectId>
            <objectVersion>2</objectVersion>
            <creationTime>2016-03-29T11:57:40</creationTime>
            <creatorId>chouette</creatorId>
            <longitude>4.4010462760925290</longitude>
            <latitude>44.6333618164062500</latitude>
            <longLatType>WGS84</longLatType>
            <projectedPoint>
                <X>811118.295609934837557375431060791015625</X>
                <Y>6393681.8313175030052661895751953125</Y>
                <projectionType>EPSG:2154</projectionType>
            </projectedPoint>
            <containedIn>teb_:StopArea:CLOS_CHENES</containedIn>
            <name>Le Clos Des Chênes</name>
        </StopPoint>
        <StopPoint>
            <objectId>teb_:StopPoint:234</objectId>
            <objectVersion>2</objectVersion>
            <creationTime>2016-03-29T11:57:40</creationTime>
            <creatorId>chouette</creatorId>
            <longitude>4.3991098403930660</longitude>
            <latitude>44.6364097595214840</latitude>
            <longLatType>WGS84</longLatType>
            <projectedPoint>
                <X>810958.73263035714626312255859375</X>
                <Y>6394017.6156726442277431488037109375</Y>
                <projectionType>EPSG:2154</projectionType>
            </projectedPoint>
            <containedIn>teb_:StopArea:GUSTADOU</containedIn>
            <name>Le Gustadou</name>
        </StopPoint>
        <StopPoint>
            <objectId>teb_:StopPoint:235</objectId>
            <objectVersion>2</objectVersion>
            <creationTime>2016-03-29T11:57:40</creationTime>
            <creatorId>chouette</creatorId>
            <longitude>4.3990883827209470</longitude>
            <latitude>44.6348724365234400</latitude>
            <longLatType>WGS84</longLatType>
            <projectedPoint>
                <X>810960.056566128158010542392730712890625</X>
                <Y>6393846.84900509752333164215087890625</Y>
                <projectionType>EPSG:2154</projectionType>
            </projectedPoint>
            <containedIn>teb_:StopArea:PLAINES</containedIn>
            <name>Les Plaines</name>
        </StopPoint>
        <StopPoint>
            <objectId>teb_:StopPoint:236</objectId>
            <objectVersion>3</objectVersion>
            <creationTime>2016-03-29T12:10:55</creationTime>
            <creatorId>chouette</creatorId>
            <longitude>4.3975620269775390</longitude>
            <latitude>44.6337280273437500</latitude>
            <longLatType>WGS84</longLatType>
            <projectedPoint>
                <X>810841.26550524472258985042572021484375</X>
                <Y>6393717.60604893974959850311279296875</Y>
                <projectionType>EPSG:2154</projectionType>
            </projectedPoint>
            <containedIn>teb_:StopArea:SARTRE</containedIn>
            <name>Crt Le Sartre</name>
        </StopPoint>
        <StopPoint>
            <objectId>teb_:StopPoint:237</objectId>
            <objectVersion>2</objectVersion>
            <creationTime>2016-03-29T11:57:40</creationTime>
            <creatorId>chouette</creatorId>
            <longitude>4.3935766220092770</longitude>
            <latitude>44.6376800537109400</latitude>
            <longLatType>WGS84</longLatType>
            <projectedPoint>
                <X>810517.467071390710771083831787109375</X>
                <Y>6394150.935866584070026874542236328125</Y>
                <projectionType>EPSG:2154</projectionType>
            </projectedPoint>
            <containedIn>teb_:StopArea:MAS</containedIn>
            <name>Le Mas</name>
        </StopPoint>
        <StopPoint>
            <objectId>teb_:StopPoint:238</objectId>
            <objectVersion>2</objectVersion>
            <creationTime>2016-03-29T11:57:40</creationTime>
            <creatorId>chouette</creatorId>
            <longitude>4.3920850753784180</longitude>
            <latitude>44.6401786804199200</latitude>
            <longLatType>WGS84</longLatType>
            <projectedPoint>
                <X>810394.299615162424743175506591796875</X>
                <Y>6394426.3492627553641796112060546875</Y>
                <projectionType>EPSG:2154</projectionType>
            </projectedPoint>
            <containedIn>teb_:StopArea:VIVETS</containedIn>
            <name>Crt Les Vivets</name>
        </StopPoint>
        <StopPoint>
            <objectId>teb_:StopPoint:239</objectId>
            <objectVersion>2</objectVersion>
            <creationTime>2016-03-29T11:57:40</creationTime>
            <creatorId>chouette</creatorId>
            <longitude>4.3846178054809570</longitude>
            <latitude>44.6428833007812500</latitude>
            <longLatType>WGS84</longLatType>
            <projectedPoint>
                <X>809796.927785080741159617900848388671875</X>
                <Y>6394716.3154940493404865264892578125</Y>
                <projectionType>EPSG:2154</projectionType>
            </projectedPoint>
            <containedIn>teb_:StopArea:ECOLE_HAUT</containedIn>
            <name>Ecole Du Haut - Ucel</name>
        </StopPoint>
        <StopPoint>
            <objectId>teb_:StopPoint:240</objectId>
            <objectVersion>2</objectVersion>
            <creationTime>2016-03-29T11:57:40</creationTime>
            <creatorId>chouette</creatorId>
            <longitude>4.3833193778991700</longitude>
            <latitude>44.6482124328613300</latitude>
            <longLatType>WGS84</longLatType>
            <projectedPoint>
                <X>809683.60643369355238974094390869140625</X>
                <Y>6395306.36904942989349365234375</Y>
                <projectionType>EPSG:2154</projectionType>
            </projectedPoint>
            <containedIn>teb_:StopArea:GRUEL</containedIn>
            <name>Le Gruel</name>
        </StopPoint>
        <StopPoint>
            <objectId>teb_:StopPoint:241</objectId>
            <objectVersion>2</objectVersion>
            <creationTime>2016-03-29T11:57:40</creationTime>
            <creatorId>chouette</creatorId>
            <longitude>4.3756618499755860</longitude>
            <latitude>44.6506500244140600</latitude>
            <longLatType>WGS84</longLatType>
            <projectedPoint>
                <X>809071.784561525913886725902557373046875</X>
                <Y>6395566.482870782725512981414794921875</Y>
                <projectionType>EPSG:2154</projectionType>
            </projectedPoint>
            <containedIn>teb_:StopArea:FONTANILLE_BAS</containedIn>
            <name>Fontanille Bas</name>
        </StopPoint>
        <StopPoint>
            <objectId>teb_:StopPoint:242</objectId>
            <objectVersion>2</objectVersion>
            <creationTime>2016-03-29T11:57:40</creationTime>
            <creatorId>chouette</creatorId>
            <longitude>4.3751173019409180</longitude>
            <latitude>44.6529579162597660</latitude>
            <longLatType>WGS84</longLatType>
            <projectedPoint>
                <X>809024.149317060015164315700531005859375</X>
                <Y>6395822.04720881767570972442626953125</Y>
                <projectionType>EPSG:2154</projectionType>
            </projectedPoint>
            <containedIn>teb_:StopArea:FONTANILLE_HAUT</containedIn>
            <name>Fontanille Haut</name>
        </StopPoint>
        <StopPoint>
            <objectId>teb_:StopPoint:243</objectId>
            <objectVersion>2</objectVersion>
            <creationTime>2016-03-29T11:57:40</creationTime>
            <creatorId>chouette</creatorId>
            <longitude>4.3757157325744630</longitude>
            <latitude>44.6541824340820300</latitude>
            <longLatType>WGS84</longLatType>
            <projectedPoint>
                <X>809069.22059456561692059040069580078125</X>
                <Y>6395958.8695006929337978363037109375</Y>
                <projectionType>EPSG:2154</projectionType>
            </projectedPoint>
            <containedIn>teb_:StopArea:GRANGE_CREMADE</containedIn>
            <name>Grange Crémade</name>
        </StopPoint>
        <StopPoint>
            <objectId>teb_:StopPoint:244</objectId>
            <objectVersion>2</objectVersion>
            <creationTime>2016-03-29T11:57:40</creationTime>
            <creatorId>chouette</creatorId>
            <longitude>4.3809003829956055</longitude>
            <latitude>44.6554183959960940</latitude>
            <longLatType>WGS84</longLatType>
            <projectedPoint>
                <X>809477.82641838002018630504608154296875</X>
                <Y>6396103.311065628193318843841552734375</Y>
                <projectionType>EPSG:2154</projectionType>
            </projectedPoint>
            <containedIn>teb_:StopArea:COMBES</containedIn>
            <name>Les Combes</name>
        </StopPoint>
        <StopPoint>
            <objectId>teb_:StopPoint:245</objectId>
            <objectVersion>2</objectVersion>
            <creationTime>2016-03-29T11:57:40</creationTime>
            <creatorId>chouette</creatorId>
            <longitude>4.3759489059448240</longitude>
            <latitude>44.6450309753418000</latitude>
            <longLatType>WGS84</longLatType>
            <projectedPoint>
                <X>809105.4175145966000854969024658203125</X>
                <Y>6394942.822350484319031238555908203125</Y>
                <projectionType>EPSG:2154</projectionType>
            </projectedPoint>
            <containedIn>teb_:StopArea:CHAMBOULAS</containedIn>
            <name>Chamboulas</name>
        </StopPoint>
        <StopPoint>
            <objectId>teb_:StopPoint:214</objectId>
            <objectVersion>2</objectVersion>
            <creationTime>2016-03-29T11:55:14</creationTime>
            <creatorId>chouette</creatorId>
            <longitude>4.3759489059448240</longitude>
            <latitude>44.6450309753418000</latitude>
            <longLatType>WGS84</longLatType>
            <projectedPoint>
                <X>809105.4175145966000854969024658203125</X>
                <Y>6394942.822350484319031238555908203125</Y>
                <projectionType>EPSG:2154</projectionType>
            </projectedPoint>
            <containedIn>teb_:StopArea:CHAMBOULAS</containedIn>
            <name>Chamboulas</name>
        </StopPoint>
        <StopPoint>
            <objectId>teb_:StopPoint:215</objectId>
            <objectVersion>2</objectVersion>
            <creationTime>2016-03-29T11:55:14</creationTime>
            <creatorId>chouette</creatorId>
            <longitude>4.3809003829956055</longitude>
            <latitude>44.6554183959960940</latitude>
            <longLatType>WGS84</longLatType>
            <projectedPoint>
                <X>809477.82641838002018630504608154296875</X>
                <Y>6396103.311065628193318843841552734375</Y>
                <projectionType>EPSG:2154</projectionType>
            </projectedPoint>
            <containedIn>teb_:StopArea:COMBES</containedIn>
            <name>Les Combes</name>
        </StopPoint>
        <StopPoint>
            <objectId>teb_:StopPoint:216</objectId>
            <objectVersion>2</objectVersion>
            <creationTime>2016-03-29T11:55:14</creationTime>
            <creatorId>chouette</creatorId>
            <longitude>4.3757157325744630</longitude>
            <latitude>44.6541824340820300</latitude>
            <longLatType>WGS84</longLatType>
            <projectedPoint>
                <X>809069.22059456561692059040069580078125</X>
                <Y>6395958.8695006929337978363037109375</Y>
                <projectionType>EPSG:2154</projectionType>
            </projectedPoint>
            <containedIn>teb_:StopArea:GRANGE_CREMADE</containedIn>
            <name>Grange Crémade</name>
        </StopPoint>
        <StopPoint>
            <objectId>teb_:StopPoint:217</objectId>
            <objectVersion>2</objectVersion>
            <creationTime>2016-03-29T11:55:14</creationTime>
            <creatorId>chouette</creatorId>
            <longitude>4.3751173019409180</longitude>
            <latitude>44.6529579162597660</latitude>
            <longLatType>WGS84</longLatType>
            <projectedPoint>
                <X>809024.149317060015164315700531005859375</X>
                <Y>6395822.04720881767570972442626953125</Y>
                <projectionType>EPSG:2154</projectionType>
            </projectedPoint>
            <containedIn>teb_:StopArea:FONTANILLE_HAUT</containedIn>
            <name>Fontanille Haut</name>
        </StopPoint>
        <StopPoint>
            <objectId>teb_:StopPoint:218</objectId>
            <objectVersion>2</objectVersion>
            <creationTime>2016-03-29T11:55:14</creationTime>
            <creatorId>chouette</creatorId>
            <longitude>4.3756618499755860</longitude>
            <latitude>44.6506500244140600</latitude>
            <longLatType>WGS84</longLatType>
            <projectedPoint>
                <X>809071.784561525913886725902557373046875</X>
                <Y>6395566.482870782725512981414794921875</Y>
                <projectionType>EPSG:2154</projectionType>
            </projectedPoint>
            <containedIn>teb_:StopArea:FONTANILLE_BAS</containedIn>
            <name>Fontanille Bas</name>
        </StopPoint>
        <StopPoint>
            <objectId>teb_:StopPoint:219</objectId>
            <objectVersion>2</objectVersion>
            <creationTime>2016-03-29T11:55:14</creationTime>
            <creatorId>chouette</creatorId>
            <longitude>4.3833193778991700</longitude>
            <latitude>44.6482124328613300</latitude>
            <longLatType>WGS84</longLatType>
            <projectedPoint>
                <X>809683.60643369355238974094390869140625</X>
                <Y>6395306.36904942989349365234375</Y>
                <projectionType>EPSG:2154</projectionType>
            </projectedPoint>
            <containedIn>teb_:StopArea:GRUEL</containedIn>
            <name>Le Gruel</name>
        </StopPoint>
        <StopPoint>
            <objectId>teb_:StopPoint:220</objectId>
            <objectVersion>2</objectVersion>
            <creationTime>2016-03-29T11:55:14</creationTime>
            <creatorId>chouette</creatorId>
            <longitude>4.3846178054809570</longitude>
            <latitude>44.6428833007812500</latitude>
            <longLatType>WGS84</longLatType>
            <projectedPoint>
                <X>809796.927785080741159617900848388671875</X>
                <Y>6394716.3154940493404865264892578125</Y>
                <projectionType>EPSG:2154</projectionType>
            </projectedPoint>
            <containedIn>teb_:StopArea:ECOLE_HAUT</containedIn>
            <name>Ecole Du Haut - Ucel</name>
        </StopPoint>
        <StopPoint>
            <objectId>teb_:StopPoint:221</objectId>
            <objectVersion>2</objectVersion>
            <creationTime>2016-03-29T11:55:14</creationTime>
            <creatorId>chouette</creatorId>
            <longitude>4.3920850753784180</longitude>
            <latitude>44.6401786804199200</latitude>
            <longLatType>WGS84</longLatType>
            <projectedPoint>
                <X>810394.299615162424743175506591796875</X>
                <Y>6394426.3492627553641796112060546875</Y>
                <projectionType>EPSG:2154</projectionType>
            </projectedPoint>
            <containedIn>teb_:StopArea:VIVETS</containedIn>
            <name>Crt Les Vivets</name>
        </StopPoint>
        <StopPoint>
            <objectId>teb_:StopPoint:222</objectId>
            <objectVersion>2</objectVersion>
            <creationTime>2016-03-29T11:55:14</creationTime>
            <creatorId>chouette</creatorId>
            <longitude>4.3935766220092770</longitude>
            <latitude>44.6376800537109400</latitude>
            <longLatType>WGS84</longLatType>
            <projectedPoint>
                <X>810517.467071390710771083831787109375</X>
                <Y>6394150.935866584070026874542236328125</Y>
                <projectionType>EPSG:2154</projectionType>
            </projectedPoint>
            <containedIn>teb_:StopArea:MAS</containedIn>
            <name>Le Mas</name>
        </StopPoint>
        <StopPoint>
            <objectId>teb_:StopPoint:223</objectId>
            <objectVersion>3</objectVersion>
            <creationTime>2016-03-29T12:08:13</creationTime>
            <creatorId>chouette</creatorId>
            <longitude>4.3975620269775390</longitude>
            <latitude>44.6337280273437500</latitude>
            <longLatType>WGS84</longLatType>
            <projectedPoint>
                <X>810841.26550524472258985042572021484375</X>
                <Y>6393717.60604893974959850311279296875</Y>
                <projectionType>EPSG:2154</projectionType>
            </projectedPoint>
            <containedIn>teb_:StopArea:SARTRE</containedIn>
            <name>Crt Le Sartre</name>
        </StopPoint>
        <StopPoint>
            <objectId>teb_:StopPoint:224</objectId>
            <objectVersion>2</objectVersion>
            <creationTime>2016-03-29T11:55:14</creationTime>
            <creatorId>chouette</creatorId>
            <longitude>4.3990883827209470</longitude>
            <latitude>44.6348724365234400</latitude>
            <longLatType>WGS84</longLatType>
            <projectedPoint>
                <X>810960.056566128158010542392730712890625</X>
                <Y>6393846.84900509752333164215087890625</Y>
                <projectionType>EPSG:2154</projectionType>
            </projectedPoint>
            <containedIn>teb_:StopArea:PLAINES</containedIn>
            <name>Les Plaines</name>
        </StopPoint>
        <StopPoint>
            <objectId>teb_:StopPoint:225</objectId>
            <objectVersion>4</objectVersion>
            <creationTime>2016-03-29T12:10:13</creationTime>
            <creatorId>chouette</creatorId>
            <longitude>4.3991098403930660</longitude>
            <latitude>44.6364097595214840</latitude>
            <longLatType>WGS84</longLatType>
            <projectedPoint>
                <X>810958.73263035714626312255859375</X>
                <Y>6394017.6156726442277431488037109375</Y>
                <projectionType>EPSG:2154</projectionType>
            </projectedPoint>
            <containedIn>teb_:StopArea:GUSTADOU</containedIn>
            <name>Le Gustadou</name>
        </StopPoint>
        <StopPoint>
            <objectId>teb_:StopPoint:226</objectId>
            <objectVersion>2</objectVersion>
            <creationTime>2016-03-29T11:55:14</creationTime>
            <creatorId>chouette</creatorId>
            <longitude>4.4010462760925290</longitude>
            <latitude>44.6333618164062500</latitude>
            <longLatType>WGS84</longLatType>
            <projectedPoint>
                <X>811118.295609934837557375431060791015625</X>
                <Y>6393681.8313175030052661895751953125</Y>
                <projectionType>EPSG:2154</projectionType>
            </projectedPoint>
            <containedIn>teb_:StopArea:CLOS_CHENES</containedIn>
            <name>Le Clos Des Chênes</name>
        </StopPoint>
        <StopPoint>
            <objectId>teb_:StopPoint:227</objectId>
            <objectVersion>3</objectVersion>
            <creationTime>2018-07-17T10:55:07</creationTime>
            <creatorId>chouette</creatorId>
            <longitude>4.4014180000000000</longitude>
            <latitude>44.6291400000000000</latitude>
            <longLatType>WGS84</longLatType>
            <projectedPoint>
                <X>811156.096785451169125735759735107421875</X>
                <Y>6393213.47509737126529216766357421875</Y>
                <projectionType>EPSG:2154</projectionType>
            </projectedPoint>
            <containedIn>toutenbus:StopArea:NOUVELLE_ECOLE_PTUCEL</containedIn>
            <name>Nouvelle Ecole de Pont d'Ucel</name>
        </StopPoint>
        <StopPoint>
            <objectId>teb_:StopPoint:228</objectId>
            <objectVersion>2</objectVersion>
            <creationTime>2016-03-29T11:55:14</creationTime>
            <creatorId>chouette</creatorId>
            <longitude>4.3867316246032715</longitude>
            <latitude>44.6343994140625000</latitude>
            <longLatType>WGS84</longLatType>
            <projectedPoint>
                <X>809981.08049371349625289440155029296875</X>
                <Y>6393777.027169833891093730926513671875</Y>
                <projectionType>EPSG:2154</projectionType>
            </projectedPoint>
            <containedIn>teb_:StopArea:DUGRADUS</containedIn>
            <name>Dugradus</name>
        </StopPoint>
        <StopPoint>
            <objectId>teb_:StopPoint:229</objectId>
            <objectVersion>3</objectVersion>
            <creationTime>2018-07-17T10:55:07</creationTime>
            <creatorId>chouette</creatorId>
            <longitude>4.4014180000000000</longitude>
            <latitude>44.6291400000000000</latitude>
            <longLatType>WGS84</longLatType>
            <projectedPoint>
                <X>811156.096785451169125735759735107421875</X>
                <Y>6393213.47509737126529216766357421875</Y>
                <projectionType>EPSG:2154</projectionType>
            </projectedPoint>
            <containedIn>toutenbus:StopArea:NOUVELLE_ECOLE_PTUCEL</containedIn>
            <name>Nouvelle Ecole de Pont d'Ucel</name>
        </StopPoint>
        <PtLink>
            <objectId>teb_:PtLink:230A231</objectId>
            <objectVersion>1</objectVersion>
            <creationTime>2018-11-27T12:58:42</creationTime>
            <startOfLink>teb_:StopPoint:230</startOfLink>
            <endOfLink>teb_:StopPoint:231</endOfLink>
        </PtLink>
        <PtLink>
            <objectId>teb_:PtLink:231A232</objectId>
            <objectVersion>1</objectVersion>
            <creationTime>2018-11-27T12:58:42</creationTime>
            <startOfLink>teb_:StopPoint:231</startOfLink>
            <endOfLink>teb_:StopPoint:232</endOfLink>
        </PtLink>
        <PtLink>
            <objectId>teb_:PtLink:232A233</objectId>
            <objectVersion>1</objectVersion>
            <creationTime>2018-11-27T12:58:42</creationTime>
            <startOfLink>teb_:StopPoint:232</startOfLink>
            <endOfLink>teb_:StopPoint:233</endOfLink>
        </PtLink>
        <PtLink>
            <objectId>teb_:PtLink:233A234</objectId>
            <objectVersion>1</objectVersion>
            <creationTime>2018-11-27T12:58:42</creationTime>
            <startOfLink>teb_:StopPoint:233</startOfLink>
            <endOfLink>teb_:StopPoint:234</endOfLink>
        </PtLink>
        <PtLink>
            <objectId>teb_:PtLink:234A235</objectId>
            <objectVersion>1</objectVersion>
            <creationTime>2018-11-27T12:58:42</creationTime>
            <startOfLink>teb_:StopPoint:234</startOfLink>
            <endOfLink>teb_:StopPoint:235</endOfLink>
        </PtLink>
        <PtLink>
            <objectId>teb_:PtLink:235A236</objectId>
            <objectVersion>1</objectVersion>
            <creationTime>2018-11-27T12:58:42</creationTime>
            <startOfLink>teb_:StopPoint:235</startOfLink>
            <endOfLink>teb_:StopPoint:236</endOfLink>
        </PtLink>
        <PtLink>
            <objectId>teb_:PtLink:236A237</objectId>
            <objectVersion>1</objectVersion>
            <creationTime>2018-11-27T12:58:42</creationTime>
            <startOfLink>teb_:StopPoint:236</startOfLink>
            <endOfLink>teb_:StopPoint:237</endOfLink>
        </PtLink>
        <PtLink>
            <objectId>teb_:PtLink:237A238</objectId>
            <objectVersion>1</objectVersion>
            <creationTime>2018-11-27T12:58:42</creationTime>
            <startOfLink>teb_:StopPoint:237</startOfLink>
            <endOfLink>teb_:StopPoint:238</endOfLink>
        </PtLink>
        <PtLink>
            <objectId>teb_:PtLink:238A239</objectId>
            <objectVersion>1</objectVersion>
            <creationTime>2018-11-27T12:58:42</creationTime>
            <startOfLink>teb_:StopPoint:238</startOfLink>
            <endOfLink>teb_:StopPoint:239</endOfLink>
        </PtLink>
        <PtLink>
            <objectId>teb_:PtLink:239A240</objectId>
            <objectVersion>1</objectVersion>
            <creationTime>2018-11-27T12:58:42</creationTime>
            <startOfLink>teb_:StopPoint:239</startOfLink>
            <endOfLink>teb_:StopPoint:240</endOfLink>
        </PtLink>
        <PtLink>
            <objectId>teb_:PtLink:240A241</objectId>
            <objectVersion>1</objectVersion>
            <creationTime>2018-11-27T12:58:42</creationTime>
            <startOfLink>teb_:StopPoint:240</startOfLink>
            <endOfLink>teb_:StopPoint:241</endOfLink>
        </PtLink>
        <PtLink>
            <objectId>teb_:PtLink:241A242</objectId>
            <objectVersion>1</objectVersion>
            <creationTime>2018-11-27T12:58:42</creationTime>
            <startOfLink>teb_:StopPoint:241</startOfLink>
            <endOfLink>teb_:StopPoint:242</endOfLink>
        </PtLink>
        <PtLink>
            <objectId>teb_:PtLink:242A243</objectId>
            <objectVersion>1</objectVersion>
            <creationTime>2018-11-27T12:58:42</creationTime>
            <startOfLink>teb_:StopPoint:242</startOfLink>
            <endOfLink>teb_:StopPoint:243</endOfLink>
        </PtLink>
        <PtLink>
            <objectId>teb_:PtLink:243A244</objectId>
            <objectVersion>1</objectVersion>
            <creationTime>2018-11-27T12:58:42</creationTime>
            <startOfLink>teb_:StopPoint:243</startOfLink>
            <endOfLink>teb_:StopPoint:244</endOfLink>
        </PtLink>
        <PtLink>
            <objectId>teb_:PtLink:244A245</objectId>
            <objectVersion>1</objectVersion>
            <creationTime>2018-11-27T12:58:42</creationTime>
            <startOfLink>teb_:StopPoint:244</startOfLink>
            <endOfLink>teb_:StopPoint:245</endOfLink>
        </PtLink>
        <PtLink>
            <objectId>teb_:PtLink:214A215</objectId>
            <objectVersion>1</objectVersion>
            <creationTime>2018-11-27T12:58:42</creationTime>
            <startOfLink>teb_:StopPoint:214</startOfLink>
            <endOfLink>teb_:StopPoint:215</endOfLink>
        </PtLink>
        <PtLink>
            <objectId>teb_:PtLink:215A216</objectId>
            <objectVersion>1</objectVersion>
            <creationTime>2018-11-27T12:58:42</creationTime>
            <startOfLink>teb_:StopPoint:215</startOfLink>
            <endOfLink>teb_:StopPoint:216</endOfLink>
        </PtLink>
        <PtLink>
            <objectId>teb_:PtLink:216A217</objectId>
            <objectVersion>1</objectVersion>
            <creationTime>2018-11-27T12:58:42</creationTime>
            <startOfLink>teb_:StopPoint:216</startOfLink>
            <endOfLink>teb_:StopPoint:217</endOfLink>
        </PtLink>
        <PtLink>
            <objectId>teb_:PtLink:217A218</objectId>
            <objectVersion>1</objectVersion>
            <creationTime>2018-11-27T12:58:42</creationTime>
            <startOfLink>teb_:StopPoint:217</startOfLink>
            <endOfLink>teb_:StopPoint:218</endOfLink>
        </PtLink>
        <PtLink>
            <objectId>teb_:PtLink:218A219</objectId>
            <objectVersion>1</objectVersion>
            <creationTime>2018-11-27T12:58:42</creationTime>
            <startOfLink>teb_:StopPoint:218</startOfLink>
            <endOfLink>teb_:StopPoint:219</endOfLink>
        </PtLink>
        <PtLink>
            <objectId>teb_:PtLink:219A220</objectId>
            <objectVersion>1</objectVersion>
            <creationTime>2018-11-27T12:58:42</creationTime>
            <startOfLink>teb_:StopPoint:219</startOfLink>
            <endOfLink>teb_:StopPoint:220</endOfLink>
        </PtLink>
        <PtLink>
            <objectId>teb_:PtLink:220A221</objectId>
            <objectVersion>1</objectVersion>
            <creationTime>2018-11-27T12:58:42</creationTime>
            <startOfLink>teb_:StopPoint:220</startOfLink>
            <endOfLink>teb_:StopPoint:221</endOfLink>
        </PtLink>
        <PtLink>
            <objectId>teb_:PtLink:221A222</objectId>
            <objectVersion>1</objectVersion>
            <creationTime>2018-11-27T12:58:42</creationTime>
            <startOfLink>teb_:StopPoint:221</startOfLink>
            <endOfLink>teb_:StopPoint:222</endOfLink>
        </PtLink>
        <PtLink>
            <objectId>teb_:PtLink:222A223</objectId>
            <objectVersion>1</objectVersion>
            <creationTime>2018-11-27T12:58:42</creationTime>
            <startOfLink>teb_:StopPoint:222</startOfLink>
            <endOfLink>teb_:StopPoint:223</endOfLink>
        </PtLink>
        <PtLink>
            <objectId>teb_:PtLink:223A224</objectId>
            <objectVersion>1</objectVersion>
            <creationTime>2018-11-27T12:58:42</creationTime>
            <startOfLink>teb_:StopPoint:223</startOfLink>
            <endOfLink>teb_:StopPoint:224</endOfLink>
        </PtLink>
        <PtLink>
            <objectId>teb_:PtLink:224A225</objectId>
            <objectVersion>1</objectVersion>
            <creationTime>2018-11-27T12:58:42</creationTime>
            <startOfLink>teb_:StopPoint:224</startOfLink>
            <endOfLink>teb_:StopPoint:225</endOfLink>
        </PtLink>
        <PtLink>
            <objectId>teb_:PtLink:225A226</objectId>
            <objectVersion>1</objectVersion>
            <creationTime>2018-11-27T12:58:42</creationTime>
            <startOfLink>teb_:StopPoint:225</startOfLink>
            <endOfLink>teb_:StopPoint:226</endOfLink>
        </PtLink>
        <PtLink>
            <objectId>teb_:PtLink:226A227</objectId>
            <objectVersion>1</objectVersion>
            <creationTime>2018-11-27T12:58:42</creationTime>
            <startOfLink>teb_:StopPoint:226</startOfLink>
            <endOfLink>teb_:StopPoint:227</endOfLink>
        </PtLink>
        <PtLink>
            <objectId>teb_:PtLink:227A228</objectId>
            <objectVersion>1</objectVersion>
            <creationTime>2018-11-27T12:58:42</creationTime>
            <startOfLink>teb_:StopPoint:227</startOfLink>
            <endOfLink>teb_:StopPoint:228</endOfLink>
        </PtLink>
        <PtLink>
            <objectId>teb_:PtLink:228A229</objectId>
            <objectVersion>1</objectVersion>
            <creationTime>2018-11-27T12:58:42</creationTime>
            <startOfLink>teb_:StopPoint:228</startOfLink>
            <endOfLink>teb_:StopPoint:229</endOfLink>
        </PtLink>
        <JourneyPattern>
            <objectId>teb_:JourneyPattern:99</objectId>
            <objectVersion>70</objectVersion>
            <creationTime>2018-07-17T13:12:43</creationTime>
            <creatorId>chouette</creatorId>
            <name>UCEL Chamboulas</name>
            <publishedName>UCEL Chamboulas</publishedName>
            <routeId>teb_:Route:14</routeId>
            <origin>teb_:StopPoint:230</origin>
            <destination>teb_:StopPoint:245</destination>
            <stopPointList>teb_:StopPoint:230</stopPointList>
            <stopPointList>teb_:StopPoint:231</stopPointList>
            <stopPointList>teb_:StopPoint:232</stopPointList>
            <stopPointList>teb_:StopPoint:233</stopPointList>
            <stopPointList>teb_:StopPoint:234</stopPointList>
            <stopPointList>teb_:StopPoint:235</stopPointList>
            <stopPointList>teb_:StopPoint:236</stopPointList>
            <stopPointList>teb_:StopPoint:237</stopPointList>
            <stopPointList>teb_:StopPoint:238</stopPointList>
            <stopPointList>teb_:StopPoint:239</stopPointList>
            <stopPointList>teb_:StopPoint:240</stopPointList>
            <stopPointList>teb_:StopPoint:241</stopPointList>
            <stopPointList>teb_:StopPoint:242</stopPointList>
            <stopPointList>teb_:StopPoint:243</stopPointList>
            <stopPointList>teb_:StopPoint:244</stopPointList>
            <stopPointList>teb_:StopPoint:245</stopPointList>
            <comment></comment>
        </JourneyPattern>
        <JourneyPattern>
            <objectId>teb_:JourneyPattern:98</objectId>
            <objectVersion>81</objectVersion>
            <creationTime>2018-07-17T13:12:18</creationTime>
            <creatorId>chouette</creatorId>
            <name>UCEL Nouvelle Ecole</name>
            <publishedName>UCEL Nouvelle Ecole</publishedName>
            <routeId>teb_:Route:13</routeId>
            <origin>teb_:StopPoint:214</origin>
            <destination>teb_:StopPoint:229</destination>
            <stopPointList>teb_:StopPoint:214</stopPointList>
            <stopPointList>teb_:StopPoint:215</stopPointList>
            <stopPointList>teb_:StopPoint:216</stopPointList>
            <stopPointList>teb_:StopPoint:217</stopPointList>
            <stopPointList>teb_:StopPoint:218</stopPointList>
            <stopPointList>teb_:StopPoint:219</stopPointList>
            <stopPointList>teb_:StopPoint:220</stopPointList>
            <stopPointList>teb_:StopPoint:221</stopPointList>
            <stopPointList>teb_:StopPoint:222</stopPointList>
            <stopPointList>teb_:StopPoint:223</stopPointList>
            <stopPointList>teb_:StopPoint:224</stopPointList>
            <stopPointList>teb_:StopPoint:225</stopPointList>
            <stopPointList>teb_:StopPoint:226</stopPointList>
            <stopPointList>teb_:StopPoint:227</stopPointList>
            <stopPointList>teb_:StopPoint:228</stopPointList>
            <stopPointList>teb_:StopPoint:229</stopPointList>
            <comment></comment>
        </JourneyPattern>
        <VehicleJourney>
            <objectId>teb_:VehicleJourney:192</objectId>
            <objectVersion>9</objectVersion>
            <creationTime>2018-08-26T22:52:41</creationTime>
            <creatorId>chouette</creatorId>
            <routeId>teb_:Route:14</routeId>
            <journeyPatternId>teb_:JourneyPattern:99</journeyPatternId>
            <publishedJourneyName>UCEL Chamboulas</publishedJourneyName>
            <transportMode>Coach</transportMode>
            <number>22021</number>
            <vehicleJourneyAtStop>
                <stopPointId>teb_:StopPoint:230</stopPointId>
                <vehicleJourneyId>teb_:VehicleJourney:192</vehicleJourneyId>
                <arrivalTime>16:40:00</arrivalTime>
                <departureTime>16:40:00</departureTime>
                <order>1</order>
            </vehicleJourneyAtStop>
            <vehicleJourneyAtStop>
                <stopPointId>teb_:StopPoint:231</stopPointId>
                <vehicleJourneyId>teb_:VehicleJourney:192</vehicleJourneyId>
                <arrivalTime>16:48:00</arrivalTime>
                <departureTime>16:48:00</departureTime>
                <order>2</order>
            </vehicleJourneyAtStop>
            <vehicleJourneyAtStop>
                <stopPointId>teb_:StopPoint:232</stopPointId>
                <vehicleJourneyId>teb_:VehicleJourney:192</vehicleJourneyId>
                <arrivalTime>16:50:00</arrivalTime>
                <departureTime>16:50:00</departureTime>
                <order>3</order>
            </vehicleJourneyAtStop>
            <vehicleJourneyAtStop>
                <stopPointId>teb_:StopPoint:233</stopPointId>
                <vehicleJourneyId>teb_:VehicleJourney:192</vehicleJourneyId>
                <arrivalTime>16:55:00</arrivalTime>
                <departureTime>16:55:00</departureTime>
                <order>4</order>
            </vehicleJourneyAtStop>
            <vehicleJourneyAtStop>
                <stopPointId>teb_:StopPoint:234</stopPointId>
                <vehicleJourneyId>teb_:VehicleJourney:192</vehicleJourneyId>
                <arrivalTime>16:57:00</arrivalTime>
                <departureTime>16:57:00</departureTime>
                <order>5</order>
            </vehicleJourneyAtStop>
            <vehicleJourneyAtStop>
                <stopPointId>teb_:StopPoint:235</stopPointId>
                <vehicleJourneyId>teb_:VehicleJourney:192</vehicleJourneyId>
                <arrivalTime>16:58:00</arrivalTime>
                <departureTime>16:58:00</departureTime>
                <order>6</order>
            </vehicleJourneyAtStop>
            <vehicleJourneyAtStop>
                <stopPointId>teb_:StopPoint:236</stopPointId>
                <vehicleJourneyId>teb_:VehicleJourney:192</vehicleJourneyId>
                <arrivalTime>17:00:00</arrivalTime>
                <departureTime>17:00:00</departureTime>
                <order>7</order>
            </vehicleJourneyAtStop>
            <vehicleJourneyAtStop>
                <stopPointId>teb_:StopPoint:237</stopPointId>
                <vehicleJourneyId>teb_:VehicleJourney:192</vehicleJourneyId>
                <arrivalTime>17:02:00</arrivalTime>
                <departureTime>17:02:00</departureTime>
                <order>8</order>
            </vehicleJourneyAtStop>
            <vehicleJourneyAtStop>
                <stopPointId>teb_:StopPoint:238</stopPointId>
                <vehicleJourneyId>teb_:VehicleJourney:192</vehicleJourneyId>
                <arrivalTime>17:03:00</arrivalTime>
                <departureTime>17:03:00</departureTime>
                <order>9</order>
            </vehicleJourneyAtStop>
            <vehicleJourneyAtStop>
                <stopPointId>teb_:StopPoint:239</stopPointId>
                <vehicleJourneyId>teb_:VehicleJourney:192</vehicleJourneyId>
                <arrivalTime>17:05:00</arrivalTime>
                <departureTime>17:05:00</departureTime>
                <order>10</order>
            </vehicleJourneyAtStop>
            <vehicleJourneyAtStop>
                <stopPointId>teb_:StopPoint:240</stopPointId>
                <vehicleJourneyId>teb_:VehicleJourney:192</vehicleJourneyId>
                <arrivalTime>17:07:00</arrivalTime>
                <departureTime>17:07:00</departureTime>
                <order>11</order>
            </vehicleJourneyAtStop>
            <vehicleJourneyAtStop>
                <stopPointId>teb_:StopPoint:241</stopPointId>
                <vehicleJourneyId>teb_:VehicleJourney:192</vehicleJourneyId>
                <arrivalTime>17:09:00</arrivalTime>
                <departureTime>17:09:00</departureTime>
                <order>12</order>
            </vehicleJourneyAtStop>
            <vehicleJourneyAtStop>
                <stopPointId>teb_:StopPoint:242</stopPointId>
                <vehicleJourneyId>teb_:VehicleJourney:192</vehicleJourneyId>
                <arrivalTime>17:11:00</arrivalTime>
                <departureTime>17:11:00</departureTime>
                <order>13</order>
            </vehicleJourneyAtStop>
            <vehicleJourneyAtStop>
                <stopPointId>teb_:StopPoint:243</stopPointId>
                <vehicleJourneyId>teb_:VehicleJourney:192</vehicleJourneyId>
                <arrivalTime>17:13:00</arrivalTime>
                <departureTime>17:13:00</departureTime>
                <order>14</order>
            </vehicleJourneyAtStop>
            <vehicleJourneyAtStop>
                <stopPointId>teb_:StopPoint:244</stopPointId>
                <vehicleJourneyId>teb_:VehicleJourney:192</vehicleJourneyId>
                <arrivalTime>17:15:00</arrivalTime>
                <departureTime>17:15:00</departureTime>
                <order>15</order>
            </vehicleJourneyAtStop>
            <vehicleJourneyAtStop>
                <stopPointId>teb_:StopPoint:245</stopPointId>
                <vehicleJourneyId>teb_:VehicleJourney:192</vehicleJourneyId>
                <arrivalTime>17:23:00</arrivalTime>
                <departureTime>17:23:00</departureTime>
                <order>16</order>
            </vehicleJourneyAtStop>
        </VehicleJourney>
        <VehicleJourney>
            <objectId>teb_:VehicleJourney:190</objectId>
            <objectVersion>6</objectVersion>
            <creationTime>2018-08-26T22:52:25</creationTime>
            <creatorId>chouette</creatorId>
            <routeId>teb_:Route:13</routeId>
            <journeyPatternId>teb_:JourneyPattern:98</journeyPatternId>
            <publishedJourneyName>UCEL/PONT D'UCEL Ecoles</publishedJourneyName>
            <transportMode>Coach</transportMode>
            <number>22001</number>
            <vehicleJourneyAtStop>
                <stopPointId>teb_:StopPoint:214</stopPointId>
                <vehicleJourneyId>teb_:VehicleJourney:190</vehicleJourneyId>
                <arrivalTime>07:40:00</arrivalTime>
                <departureTime>07:40:00</departureTime>
                <order>1</order>
            </vehicleJourneyAtStop>
            <vehicleJourneyAtStop>
                <stopPointId>teb_:StopPoint:215</stopPointId>
                <vehicleJourneyId>teb_:VehicleJourney:190</vehicleJourneyId>
                <arrivalTime>07:48:00</arrivalTime>
                <departureTime>07:48:00</departureTime>
                <order>2</order>
            </vehicleJourneyAtStop>
            <vehicleJourneyAtStop>
                <stopPointId>teb_:StopPoint:216</stopPointId>
                <vehicleJourneyId>teb_:VehicleJourney:190</vehicleJourneyId>
                <arrivalTime>07:50:00</arrivalTime>
                <departureTime>07:50:00</departureTime>
                <order>3</order>
            </vehicleJourneyAtStop>
            <vehicleJourneyAtStop>
                <stopPointId>teb_:StopPoint:217</stopPointId>
                <vehicleJourneyId>teb_:VehicleJourney:190</vehicleJourneyId>
                <arrivalTime>07:51:00</arrivalTime>
                <departureTime>07:51:00</departureTime>
                <order>4</order>
            </vehicleJourneyAtStop>
            <vehicleJourneyAtStop>
                <stopPointId>teb_:StopPoint:218</stopPointId>
                <vehicleJourneyId>teb_:VehicleJourney:190</vehicleJourneyId>
                <arrivalTime>07:52:00</arrivalTime>
                <departureTime>07:52:00</departureTime>
                <order>5</order>
            </vehicleJourneyAtStop>
            <vehicleJourneyAtStop>
                <stopPointId>teb_:StopPoint:219</stopPointId>
                <vehicleJourneyId>teb_:VehicleJourney:190</vehicleJourneyId>
                <arrivalTime>07:53:00</arrivalTime>
                <departureTime>07:53:00</departureTime>
                <order>6</order>
            </vehicleJourneyAtStop>
            <vehicleJourneyAtStop>
                <stopPointId>teb_:StopPoint:220</stopPointId>
                <vehicleJourneyId>teb_:VehicleJourney:190</vehicleJourneyId>
                <arrivalTime>07:55:00</arrivalTime>
                <departureTime>07:55:00</departureTime>
                <order>7</order>
            </vehicleJourneyAtStop>
            <vehicleJourneyAtStop>
                <stopPointId>teb_:StopPoint:221</stopPointId>
                <vehicleJourneyId>teb_:VehicleJourney:190</vehicleJourneyId>
                <arrivalTime>07:56:00</arrivalTime>
                <departureTime>07:56:00</departureTime>
                <order>8</order>
            </vehicleJourneyAtStop>
            <vehicleJourneyAtStop>
                <stopPointId>teb_:StopPoint:222</stopPointId>
                <vehicleJourneyId>teb_:VehicleJourney:190</vehicleJourneyId>
                <arrivalTime>07:57:00</arrivalTime>
                <departureTime>07:57:00</departureTime>
                <order>9</order>
            </vehicleJourneyAtStop>
            <vehicleJourneyAtStop>
                <stopPointId>teb_:StopPoint:223</stopPointId>
                <vehicleJourneyId>teb_:VehicleJourney:190</vehicleJourneyId>
                <arrivalTime>07:59:00</arrivalTime>
                <departureTime>07:59:00</departureTime>
                <order>10</order>
            </vehicleJourneyAtStop>
            <vehicleJourneyAtStop>
                <stopPointId>teb_:StopPoint:224</stopPointId>
                <vehicleJourneyId>teb_:VehicleJourney:190</vehicleJourneyId>
                <arrivalTime>08:01:00</arrivalTime>
                <departureTime>08:01:00</departureTime>
                <order>11</order>
            </vehicleJourneyAtStop>
            <vehicleJourneyAtStop>
                <stopPointId>teb_:StopPoint:225</stopPointId>
                <vehicleJourneyId>teb_:VehicleJourney:190</vehicleJourneyId>
                <arrivalTime>08:02:00</arrivalTime>
                <departureTime>08:02:00</departureTime>
                <order>12</order>
            </vehicleJourneyAtStop>
            <vehicleJourneyAtStop>
                <stopPointId>teb_:StopPoint:226</stopPointId>
                <vehicleJourneyId>teb_:VehicleJourney:190</vehicleJourneyId>
                <arrivalTime>08:03:00</arrivalTime>
                <departureTime>08:03:00</departureTime>
                <order>13</order>
            </vehicleJourneyAtStop>
            <vehicleJourneyAtStop>
                <stopPointId>teb_:StopPoint:227</stopPointId>
                <vehicleJourneyId>teb_:VehicleJourney:190</vehicleJourneyId>
                <arrivalTime>08:04:00</arrivalTime>
                <departureTime>08:04:00</departureTime>
                <order>14</order>
            </vehicleJourneyAtStop>
            <vehicleJourneyAtStop>
                <stopPointId>teb_:StopPoint:228</stopPointId>
                <vehicleJourneyId>teb_:VehicleJourney:190</vehicleJourneyId>
                <arrivalTime>08:08:00</arrivalTime>
                <departureTime>08:08:00</departureTime>
                <order>15</order>
            </vehicleJourneyAtStop>
            <vehicleJourneyAtStop>
                <stopPointId>teb_:StopPoint:229</stopPointId>
                <vehicleJourneyId>teb_:VehicleJourney:190</vehicleJourneyId>
                <arrivalTime>08:12:00</arrivalTime>
                <departureTime>08:12:00</departureTime>
                <order>16</order>
            </vehicleJourneyAtStop>
        </VehicleJourney>
    </ChouetteLineDescription>
</ChouettePTNetwork>
