<?xml version="1.0" encoding="UTF-8" standalone="yes"?>
<ChouettePTNetwork xmlns="http://www.trident.org/schema/trident" xmlns:acsb="http://www.ifopt.org.uk/acsb" xmlns:siri="http://www.siri.org.uk/siri">
    <PTNetwork>
        <objectId>toutenbus:PTNetwork:1</objectId>
        <objectVersion>4</objectVersion>
        <creationTime>2017-06-11T11:07:54</creationTime>
        <creatorId>chouette</creatorId>
        <versionDate>2016-03-29</versionDate>
        <name>Tout'enbus</name>
        <registration>
            <registrationNumber>1</registrationNumber>
        </registration>
        <sourceType>TransitOperator</sourceType>
    </PTNetwork>
    <GroupOfLine>
        <objectId>toutenbus:GroupOfLine:2</objectId>
        <objectVersion>4</objectVersion>
        <creationTime>2017-06-11T11:08:55</creationTime>
        <creatorId>chouette</creatorId>
        <name>Lignes scolaires</name>
        <lineId>toutenbus:Line:26</lineId>
    </GroupOfLine>
    <Company>
        <objectId>toutenbus:Company:1</objectId>
        <objectVersion>3</objectVersion>
        <creationTime>2017-09-11T15:53:32</creationTime>
        <creatorId>chouette</creatorId>
        <name>Tout'enbus</name>
        <shortName>TEB</shortName>
        <phone>0475892656</phone>
        <email>contact@toutenbus.fr</email>
        <registration>
            <registrationNumber>1</registrationNumber>
        </registration>
    </Company>
    <ChouetteArea>
        <StopArea>
            <objectId>teb_:StopArea:ECOLE_BAS</objectId>
            <objectVersion>6</objectVersion>
            <creationTime>2016-09-01T09:19:06</creationTime>
            <creatorId>chouette</creatorId>
            <name>Ecole Du Bas - Pont D'Ucel</name>
            <contains>teb_:StopPoint:340</contains>
            <contains>teb_:StopPoint:347</contains>
            <centroidOfArea>teb_:AreaCentroid:ECOLE_BAS</centroidOfArea>
            <StopAreaExtension>
                <areaType>BoardingPosition</areaType>
                <fareCode>0</fareCode>
                <mobilityRestrictedSuitability>false</mobilityRestrictedSuitability>
                <stairsAvailability>false</stairsAvailability>
                <liftAvailability>false</liftAvailability>
            </StopAreaExtension>
        </StopArea>
        <StopArea>
            <objectId>teb_:StopArea:CHAMBOULAS</objectId>
            <objectVersion>5</objectVersion>
            <creationTime>2016-09-01T09:04:08</creationTime>
            <creatorId>chouette</creatorId>
            <name>Chamboulas</name>
            <contains>teb_:StopPoint:342</contains>
            <contains>teb_:StopPoint:345</contains>
            <centroidOfArea>teb_:AreaCentroid:CHAMBOULAS</centroidOfArea>
            <StopAreaExtension>
                <areaType>BoardingPosition</areaType>
                <fareCode>0</fareCode>
                <mobilityRestrictedSuitability>false</mobilityRestrictedSuitability>
                <stairsAvailability>false</stairsAvailability>
                <liftAvailability>false</liftAvailability>
            </StopAreaExtension>
        </StopArea>
        <StopArea>
            <objectId>teb_:StopArea:EGLISE</objectId>
            <objectVersion>5</objectVersion>
            <creationTime>2016-09-01T09:21:13</creationTime>
            <creatorId>chouette</creatorId>
            <name>Eglise</name>
            <contains>teb_:StopPoint:341</contains>
            <contains>teb_:StopPoint:346</contains>
            <centroidOfArea>teb_:AreaCentroid:EGLISE</centroidOfArea>
            <StopAreaExtension>
                <areaType>BoardingPosition</areaType>
                <fareCode>0</fareCode>
                <mobilityRestrictedSuitability>false</mobilityRestrictedSuitability>
                <stairsAvailability>false</stairsAvailability>
                <liftAvailability>false</liftAvailability>
            </StopAreaExtension>
        </StopArea>
        <StopArea>
            <objectId>teb_:StopArea:GARE_ROUTIERE</objectId>
            <objectVersion>1</objectVersion>
            <creationTime>2016-09-20T22:35:36</creationTime>
            <creatorId>chouette</creatorId>
            <name>Gare Routière</name>
            <contains>teb_:StopPoint:339</contains>
            <contains>teb_:StopPoint:348</contains>
            <centroidOfArea>teb_:AreaCentroid:GARE_ROUTIERE</centroidOfArea>
            <StopAreaExtension>
                <areaType>BoardingPosition</areaType>
                <fareCode>0</fareCode>
                <mobilityRestrictedSuitability>false</mobilityRestrictedSuitability>
                <stairsAvailability>false</stairsAvailability>
                <liftAvailability>false</liftAvailability>
            </StopAreaExtension>
        </StopArea>
        <StopArea>
            <objectId>teb_:StopArea:COLLEGE_GOUY</objectId>
            <objectVersion>5</objectVersion>
            <creationTime>2016-09-01T09:07:22</creationTime>
            <creatorId>chouette</creatorId>
            <name>Collège Georges Gouy</name>
            <contains>teb_:StopPoint:343</contains>
            <contains>teb_:StopPoint:344</contains>
            <centroidOfArea>teb_:AreaCentroid:COLLEGE_GOUY</centroidOfArea>
            <StopAreaExtension>
                <areaType>BoardingPosition</areaType>
                <fareCode>0</fareCode>
                <mobilityRestrictedSuitability>false</mobilityRestrictedSuitability>
                <stairsAvailability>false</stairsAvailability>
                <liftAvailability>false</liftAvailability>
            </StopAreaExtension>
        </StopArea>
        <AreaCentroid>
            <objectId>teb_:AreaCentroid:ECOLE_BAS</objectId>
            <objectVersion>6</objectVersion>
            <creationTime>2016-09-01T09:19:06</creationTime>
            <creatorId>chouette</creatorId>
            <longitude>4.3984203338623050</longitude>
            <latitude>44.6278800964355500</latitude>
            <longLatType>WGS84</longLatType>
            <address>
                <countryCode>07325</countryCode>
            </address>
            <projectedPoint>
                <X>810920.8345070369541645050048828125</X>
                <Y>6393069.33330745436251163482666015625</Y>
                <projectionType>EPSG:2154</projectionType>
            </projectedPoint>
            <containedIn>teb_:StopArea:ECOLE_BAS</containedIn>
            <name>Ecole Du Bas - Pont D'Ucel</name>
        </AreaCentroid>
        <AreaCentroid>
            <objectId>teb_:AreaCentroid:CHAMBOULAS</objectId>
            <objectVersion>5</objectVersion>
            <creationTime>2016-09-01T09:04:08</creationTime>
            <creatorId>chouette</creatorId>
            <longitude>4.3759489059448240</longitude>
            <latitude>44.6450309753418000</latitude>
            <longLatType>WGS84</longLatType>
            <address>
                <countryCode>07325</countryCode>
            </address>
            <projectedPoint>
                <X>809105.4175145966000854969024658203125</X>
                <Y>6394942.822350484319031238555908203125</Y>
                <projectionType>EPSG:2154</projectionType>
            </projectedPoint>
            <containedIn>teb_:StopArea:CHAMBOULAS</containedIn>
            <name>Chamboulas</name>
        </AreaCentroid>
        <AreaCentroid>
            <objectId>teb_:AreaCentroid:EGLISE</objectId>
            <objectVersion>5</objectVersion>
            <creationTime>2016-09-01T09:21:13</creationTime>
            <creatorId>chouette</creatorId>
            <longitude>4.3830566406250000</longitude>
            <latitude>44.6418113708496100</latitude>
            <longLatType>WGS84</longLatType>
            <address>
                <countryCode>07325</countryCode>
            </address>
            <projectedPoint>
                <X>809675.229171200538985431194305419921875</X>
                <Y>6394595.096277126111090183258056640625</Y>
                <projectionType>EPSG:2154</projectionType>
            </projectedPoint>
            <containedIn>teb_:StopArea:EGLISE</containedIn>
            <name>Eglise</name>
        </AreaCentroid>
        <AreaCentroid>
            <objectId>teb_:AreaCentroid:GARE_ROUTIERE</objectId>
            <objectVersion>1</objectVersion>
            <creationTime>2016-09-20T22:35:36</creationTime>
            <creatorId>chouette</creatorId>
            <longitude>4.4071364402771000</longitude>
            <latitude>44.6109733581543000</latitude>
            <longLatType>WGS84</longLatType>
            <address>
                <countryCode>07019</countryCode>
            </address>
            <projectedPoint>
                <X>811645.57599364058114588260650634765625</X>
                <Y>6391203.928769120015203952789306640625</Y>
                <projectionType>EPSG:2154</projectionType>
            </projectedPoint>
            <containedIn>teb_:StopArea:GARE_ROUTIERE</containedIn>
            <name>Gare Routière</name>
        </AreaCentroid>
        <AreaCentroid>
            <objectId>teb_:AreaCentroid:COLLEGE_GOUY</objectId>
            <objectVersion>5</objectVersion>
            <creationTime>2016-09-01T09:07:22</creationTime>
            <creatorId>chouette</creatorId>
            <longitude>4.3644099235534670</longitude>
            <latitude>44.6686210632324200</latitude>
            <longLatType>WGS84</longLatType>
            <address>
                <countryCode>07331</countryCode>
            </address>
            <projectedPoint>
                <X>808145.2541803638450801372528076171875</X>
                <Y>6397546.881215122528374195098876953125</Y>
                <projectionType>EPSG:2154</projectionType>
            </projectedPoint>
            <containedIn>teb_:StopArea:COLLEGE_GOUY</containedIn>
            <name>Collège Georges Gouy</name>
        </AreaCentroid>
    </ChouetteArea>
    <ConnectionLink>
        <objectId>teb2016:ConnectionLink:106</objectId>
        <objectVersion>4</objectVersion>
        <creationTime>2016-09-02T12:35:41</creationTime>
        <creatorId>chouette</creatorId>
        <name>Gare Routiere / Gare Routiere</name>
        <startOfLink>teb_:StopArea:GARE_ROUTIERE</startOfLink>
        <endOfLink>teb_:StopArea:GARE_ROUTIERE</endOfLink>
        <linkDistance>0.00</linkDistance>
        <linkType>Overground</linkType>
        <defaultDuration>PT15.000S</defaultDuration>
        <frequentTravellerDuration>PT15.000S</frequentTravellerDuration>
        <occasionalTravellerDuration>PT15.000S</occasionalTravellerDuration>
        <mobilityRestrictedTravellerDuration>PT15.000S</mobilityRestrictedTravellerDuration>
        <mobilityRestrictedSuitability>true</mobilityRestrictedSuitability>
        <stairsAvailability>false</stairsAvailability>
        <liftAvailability>false</liftAvailability>
    </ConnectionLink>
    <Timetable>
        <objectId>toutenbus:Timetable:1819-04_1</objectId>
        <objectVersion>3</objectVersion>
        <creationTime>2018-08-26T22:21:24</creationTime>
        <creatorId>chouette</creatorId>
        <version>2018-19-Me-Sco-03.09</version>
        <calendarDay>2018-09-05</calendarDay>
        <calendarDay>2018-09-12</calendarDay>
        <calendarDay>2018-09-19</calendarDay>
        <calendarDay>2018-09-26</calendarDay>
        <calendarDay>2018-10-03</calendarDay>
        <calendarDay>2018-10-10</calendarDay>
        <calendarDay>2018-10-17</calendarDay>
        <calendarDay>2018-11-07</calendarDay>
        <calendarDay>2018-11-14</calendarDay>
        <calendarDay>2018-11-21</calendarDay>
        <calendarDay>2018-11-28</calendarDay>
        <calendarDay>2018-12-05</calendarDay>
        <calendarDay>2018-12-12</calendarDay>
        <calendarDay>2018-12-19</calendarDay>
        <calendarDay>2019-01-09</calendarDay>
        <calendarDay>2019-01-16</calendarDay>
        <calendarDay>2019-01-23</calendarDay>
        <calendarDay>2019-01-30</calendarDay>
        <calendarDay>2019-02-06</calendarDay>
        <calendarDay>2019-02-13</calendarDay>
        <calendarDay>2019-03-06</calendarDay>
        <calendarDay>2019-03-13</calendarDay>
        <calendarDay>2019-03-20</calendarDay>
        <calendarDay>2019-03-27</calendarDay>
        <calendarDay>2019-04-03</calendarDay>
        <calendarDay>2019-04-10</calendarDay>
        <calendarDay>2019-05-15</calendarDay>
        <calendarDay>2019-05-22</calendarDay>
        <calendarDay>2019-05-29</calendarDay>
        <calendarDay>2019-06-05</calendarDay>
        <calendarDay>2019-06-12</calendarDay>
        <calendarDay>2019-06-19</calendarDay>
        <calendarDay>2019-06-26</calendarDay>
        <calendarDay>2019-07-03</calendarDay>
        <dayType>Wednesday</dayType>
        <vehicleJourneyId>teb_:VehicleJourney:207</vehicleJourneyId>
        <comment>2018-19 / Me Période Scolaire 3/09</comment>
    </Timetable>
    <Timetable>
        <objectId>toutenbus:Timetable:1819-03_1</objectId>
        <objectVersion>5</objectVersion>
        <creationTime>2018-08-26T23:24:51</creationTime>
        <creatorId>chouette</creatorId>
        <version>2018-19-LMJV-Sco-03.09</version>
        <calendarDay>2018-09-03</calendarDay>
        <calendarDay>2018-09-04</calendarDay>
        <calendarDay>2018-09-06</calendarDay>
        <calendarDay>2018-09-07</calendarDay>
        <calendarDay>2018-09-10</calendarDay>
        <calendarDay>2018-09-11</calendarDay>
        <calendarDay>2018-09-13</calendarDay>
        <calendarDay>2018-09-14</calendarDay>
        <calendarDay>2018-09-17</calendarDay>
        <calendarDay>2018-09-18</calendarDay>
        <calendarDay>2018-09-20</calendarDay>
        <calendarDay>2018-09-21</calendarDay>
        <calendarDay>2018-09-24</calendarDay>
        <calendarDay>2018-09-25</calendarDay>
        <calendarDay>2018-09-27</calendarDay>
        <calendarDay>2018-09-28</calendarDay>
        <calendarDay>2018-10-01</calendarDay>
        <calendarDay>2018-10-02</calendarDay>
        <calendarDay>2018-10-04</calendarDay>
        <calendarDay>2018-10-05</calendarDay>
        <calendarDay>2018-10-08</calendarDay>
        <calendarDay>2018-10-09</calendarDay>
        <calendarDay>2018-10-11</calendarDay>
        <calendarDay>2018-10-12</calendarDay>
        <calendarDay>2018-10-15</calendarDay>
        <calendarDay>2018-10-16</calendarDay>
        <calendarDay>2018-10-18</calendarDay>
        <calendarDay>2018-10-19</calendarDay>
        <calendarDay>2018-11-05</calendarDay>
        <calendarDay>2018-11-06</calendarDay>
        <calendarDay>2018-11-08</calendarDay>
        <calendarDay>2018-11-09</calendarDay>
        <calendarDay>2018-11-12</calendarDay>
        <calendarDay>2018-11-13</calendarDay>
        <calendarDay>2018-11-15</calendarDay>
        <calendarDay>2018-11-16</calendarDay>
        <calendarDay>2018-11-19</calendarDay>
        <calendarDay>2018-11-20</calendarDay>
        <calendarDay>2018-11-22</calendarDay>
        <calendarDay>2018-11-23</calendarDay>
        <calendarDay>2018-11-26</calendarDay>
        <calendarDay>2018-11-27</calendarDay>
        <calendarDay>2018-11-29</calendarDay>
        <calendarDay>2018-11-30</calendarDay>
        <calendarDay>2018-12-03</calendarDay>
        <calendarDay>2018-12-04</calendarDay>
        <calendarDay>2018-12-06</calendarDay>
        <calendarDay>2018-12-07</calendarDay>
        <calendarDay>2018-12-10</calendarDay>
        <calendarDay>2018-12-11</calendarDay>
        <calendarDay>2018-12-13</calendarDay>
        <calendarDay>2018-12-14</calendarDay>
        <calendarDay>2018-12-17</calendarDay>
        <calendarDay>2018-12-18</calendarDay>
        <calendarDay>2018-12-20</calendarDay>
        <calendarDay>2018-12-21</calendarDay>
        <calendarDay>2019-01-07</calendarDay>
        <calendarDay>2019-01-08</calendarDay>
        <calendarDay>2019-01-10</calendarDay>
        <calendarDay>2019-01-11</calendarDay>
        <calendarDay>2019-01-14</calendarDay>
        <calendarDay>2019-01-15</calendarDay>
        <calendarDay>2019-01-17</calendarDay>
        <calendarDay>2019-01-18</calendarDay>
        <calendarDay>2019-01-21</calendarDay>
        <calendarDay>2019-01-22</calendarDay>
        <calendarDay>2019-01-24</calendarDay>
        <calendarDay>2019-01-25</calendarDay>
        <calendarDay>2019-01-28</calendarDay>
        <calendarDay>2019-01-29</calendarDay>
        <calendarDay>2019-01-31</calendarDay>
        <calendarDay>2019-02-01</calendarDay>
        <calendarDay>2019-02-04</calendarDay>
        <calendarDay>2019-02-05</calendarDay>
        <calendarDay>2019-02-07</calendarDay>
        <calendarDay>2019-02-08</calendarDay>
        <calendarDay>2019-02-11</calendarDay>
        <calendarDay>2019-02-12</calendarDay>
        <calendarDay>2019-02-14</calendarDay>
        <calendarDay>2019-02-15</calendarDay>
        <calendarDay>2019-03-04</calendarDay>
        <calendarDay>2019-03-05</calendarDay>
        <calendarDay>2019-03-07</calendarDay>
        <calendarDay>2019-03-08</calendarDay>
        <calendarDay>2019-03-11</calendarDay>
        <calendarDay>2019-03-12</calendarDay>
        <calendarDay>2019-03-14</calendarDay>
        <calendarDay>2019-03-15</calendarDay>
        <calendarDay>2019-03-18</calendarDay>
        <calendarDay>2019-03-19</calendarDay>
        <calendarDay>2019-03-21</calendarDay>
        <calendarDay>2019-03-22</calendarDay>
        <calendarDay>2019-03-25</calendarDay>
        <calendarDay>2019-03-26</calendarDay>
        <calendarDay>2019-03-28</calendarDay>
        <calendarDay>2019-03-29</calendarDay>
        <calendarDay>2019-04-01</calendarDay>
        <calendarDay>2019-04-02</calendarDay>
        <calendarDay>2019-04-04</calendarDay>
        <calendarDay>2019-04-05</calendarDay>
        <calendarDay>2019-04-08</calendarDay>
        <calendarDay>2019-04-09</calendarDay>
        <calendarDay>2019-04-11</calendarDay>
        <calendarDay>2019-04-12</calendarDay>
        <calendarDay>2019-04-29</calendarDay>
        <calendarDay>2019-04-30</calendarDay>
        <calendarDay>2019-05-02</calendarDay>
        <calendarDay>2019-05-03</calendarDay>
        <calendarDay>2019-05-06</calendarDay>
        <calendarDay>2019-05-07</calendarDay>
        <calendarDay>2019-05-09</calendarDay>
        <calendarDay>2019-05-10</calendarDay>
        <calendarDay>2019-05-13</calendarDay>
        <calendarDay>2019-05-14</calendarDay>
        <calendarDay>2019-05-16</calendarDay>
        <calendarDay>2019-05-17</calendarDay>
        <calendarDay>2019-05-20</calendarDay>
        <calendarDay>2019-05-21</calendarDay>
        <calendarDay>2019-05-23</calendarDay>
        <calendarDay>2019-05-24</calendarDay>
        <calendarDay>2019-05-27</calendarDay>
        <calendarDay>2019-05-28</calendarDay>
        <calendarDay>2019-06-03</calendarDay>
        <calendarDay>2019-06-04</calendarDay>
        <calendarDay>2019-06-06</calendarDay>
        <calendarDay>2019-06-07</calendarDay>
        <calendarDay>2019-06-11</calendarDay>
        <calendarDay>2019-06-13</calendarDay>
        <calendarDay>2019-06-14</calendarDay>
        <calendarDay>2019-06-17</calendarDay>
        <calendarDay>2019-06-18</calendarDay>
        <calendarDay>2019-06-20</calendarDay>
        <calendarDay>2019-06-21</calendarDay>
        <calendarDay>2019-06-24</calendarDay>
        <calendarDay>2019-06-25</calendarDay>
        <calendarDay>2019-06-27</calendarDay>
        <calendarDay>2019-06-28</calendarDay>
        <calendarDay>2019-07-01</calendarDay>
        <calendarDay>2019-07-02</calendarDay>
        <calendarDay>2019-07-04</calendarDay>
        <calendarDay>2019-07-05</calendarDay>
        <dayType>Monday</dayType>
        <dayType>Tuesday</dayType>
        <dayType>Thursday</dayType>
        <dayType>Friday</dayType>
        <vehicleJourneyId>teb_:VehicleJourney:208</vehicleJourneyId>
        <comment>2018-19 / LMJV Période Scolaire 3/09</comment>
    </Timetable>
    <Timetable>
        <objectId>toutenbus:Timetable:1819-02_1</objectId>
        <objectVersion>3</objectVersion>
        <creationTime>2018-08-26T22:21:13</creationTime>
        <creatorId>chouette</creatorId>
        <version>2018-19-LMMeJV-Sco-03.09</version>
        <calendarDay>2018-09-03</calendarDay>
        <calendarDay>2018-09-04</calendarDay>
        <calendarDay>2018-09-05</calendarDay>
        <calendarDay>2018-09-06</calendarDay>
        <calendarDay>2018-09-07</calendarDay>
        <calendarDay>2018-09-10</calendarDay>
        <calendarDay>2018-09-11</calendarDay>
        <calendarDay>2018-09-12</calendarDay>
        <calendarDay>2018-09-13</calendarDay>
        <calendarDay>2018-09-14</calendarDay>
        <calendarDay>2018-09-17</calendarDay>
        <calendarDay>2018-09-18</calendarDay>
        <calendarDay>2018-09-19</calendarDay>
        <calendarDay>2018-09-20</calendarDay>
        <calendarDay>2018-09-21</calendarDay>
        <calendarDay>2018-09-24</calendarDay>
        <calendarDay>2018-09-25</calendarDay>
        <calendarDay>2018-09-26</calendarDay>
        <calendarDay>2018-09-27</calendarDay>
        <calendarDay>2018-09-28</calendarDay>
        <calendarDay>2018-10-01</calendarDay>
        <calendarDay>2018-10-02</calendarDay>
        <calendarDay>2018-10-03</calendarDay>
        <calendarDay>2018-10-04</calendarDay>
        <calendarDay>2018-10-05</calendarDay>
        <calendarDay>2018-10-08</calendarDay>
        <calendarDay>2018-10-09</calendarDay>
        <calendarDay>2018-10-10</calendarDay>
        <calendarDay>2018-10-11</calendarDay>
        <calendarDay>2018-10-12</calendarDay>
        <calendarDay>2018-10-15</calendarDay>
        <calendarDay>2018-10-16</calendarDay>
        <calendarDay>2018-10-17</calendarDay>
        <calendarDay>2018-10-18</calendarDay>
        <calendarDay>2018-10-19</calendarDay>
        <calendarDay>2018-11-05</calendarDay>
        <calendarDay>2018-11-06</calendarDay>
        <calendarDay>2018-11-07</calendarDay>
        <calendarDay>2018-11-08</calendarDay>
        <calendarDay>2018-11-09</calendarDay>
        <calendarDay>2018-11-12</calendarDay>
        <calendarDay>2018-11-13</calendarDay>
        <calendarDay>2018-11-14</calendarDay>
        <calendarDay>2018-11-15</calendarDay>
        <calendarDay>2018-11-16</calendarDay>
        <calendarDay>2018-11-19</calendarDay>
        <calendarDay>2018-11-20</calendarDay>
        <calendarDay>2018-11-21</calendarDay>
        <calendarDay>2018-11-22</calendarDay>
        <calendarDay>2018-11-23</calendarDay>
        <calendarDay>2018-11-26</calendarDay>
        <calendarDay>2018-11-27</calendarDay>
        <calendarDay>2018-11-28</calendarDay>
        <calendarDay>2018-11-29</calendarDay>
        <calendarDay>2018-11-30</calendarDay>
        <calendarDay>2018-12-03</calendarDay>
        <calendarDay>2018-12-04</calendarDay>
        <calendarDay>2018-12-05</calendarDay>
        <calendarDay>2018-12-06</calendarDay>
        <calendarDay>2018-12-07</calendarDay>
        <calendarDay>2018-12-10</calendarDay>
        <calendarDay>2018-12-11</calendarDay>
        <calendarDay>2018-12-12</calendarDay>
        <calendarDay>2018-12-13</calendarDay>
        <calendarDay>2018-12-14</calendarDay>
        <calendarDay>2018-12-17</calendarDay>
        <calendarDay>2018-12-18</calendarDay>
        <calendarDay>2018-12-19</calendarDay>
        <calendarDay>2018-12-20</calendarDay>
        <calendarDay>2018-12-21</calendarDay>
        <calendarDay>2019-01-07</calendarDay>
        <calendarDay>2019-01-08</calendarDay>
        <calendarDay>2019-01-09</calendarDay>
        <calendarDay>2019-01-10</calendarDay>
        <calendarDay>2019-01-11</calendarDay>
        <calendarDay>2019-01-14</calendarDay>
        <calendarDay>2019-01-15</calendarDay>
        <calendarDay>2019-01-16</calendarDay>
        <calendarDay>2019-01-17</calendarDay>
        <calendarDay>2019-01-18</calendarDay>
        <calendarDay>2019-01-21</calendarDay>
        <calendarDay>2019-01-22</calendarDay>
        <calendarDay>2019-01-23</calendarDay>
        <calendarDay>2019-01-24</calendarDay>
        <calendarDay>2019-01-25</calendarDay>
        <calendarDay>2019-01-28</calendarDay>
        <calendarDay>2019-01-29</calendarDay>
        <calendarDay>2019-01-30</calendarDay>
        <calendarDay>2019-01-31</calendarDay>
        <calendarDay>2019-02-01</calendarDay>
        <calendarDay>2019-02-04</calendarDay>
        <calendarDay>2019-02-05</calendarDay>
        <calendarDay>2019-02-06</calendarDay>
        <calendarDay>2019-02-07</calendarDay>
        <calendarDay>2019-02-08</calendarDay>
        <calendarDay>2019-02-11</calendarDay>
        <calendarDay>2019-02-12</calendarDay>
        <calendarDay>2019-02-13</calendarDay>
        <calendarDay>2019-02-14</calendarDay>
        <calendarDay>2019-02-15</calendarDay>
        <calendarDay>2019-03-04</calendarDay>
        <calendarDay>2019-03-05</calendarDay>
        <calendarDay>2019-03-06</calendarDay>
        <calendarDay>2019-03-07</calendarDay>
        <calendarDay>2019-03-08</calendarDay>
        <calendarDay>2019-03-11</calendarDay>
        <calendarDay>2019-03-12</calendarDay>
        <calendarDay>2019-03-13</calendarDay>
        <calendarDay>2019-03-14</calendarDay>
        <calendarDay>2019-03-15</calendarDay>
        <calendarDay>2019-03-18</calendarDay>
        <calendarDay>2019-03-19</calendarDay>
        <calendarDay>2019-03-20</calendarDay>
        <calendarDay>2019-03-21</calendarDay>
        <calendarDay>2019-03-22</calendarDay>
        <calendarDay>2019-03-25</calendarDay>
        <calendarDay>2019-03-26</calendarDay>
        <calendarDay>2019-03-27</calendarDay>
        <calendarDay>2019-03-28</calendarDay>
        <calendarDay>2019-03-29</calendarDay>
        <calendarDay>2019-04-01</calendarDay>
        <calendarDay>2019-04-02</calendarDay>
        <calendarDay>2019-04-03</calendarDay>
        <calendarDay>2019-04-04</calendarDay>
        <calendarDay>2019-04-05</calendarDay>
        <calendarDay>2019-04-08</calendarDay>
        <calendarDay>2019-04-09</calendarDay>
        <calendarDay>2019-04-10</calendarDay>
        <calendarDay>2019-04-11</calendarDay>
        <calendarDay>2019-04-12</calendarDay>
        <calendarDay>2019-04-29</calendarDay>
        <calendarDay>2019-04-30</calendarDay>
        <calendarDay>2019-05-02</calendarDay>
        <calendarDay>2019-05-03</calendarDay>
        <calendarDay>2019-05-06</calendarDay>
        <calendarDay>2019-05-07</calendarDay>
        <calendarDay>2019-05-09</calendarDay>
        <calendarDay>2019-05-10</calendarDay>
        <calendarDay>2019-05-13</calendarDay>
        <calendarDay>2019-05-14</calendarDay>
        <calendarDay>2019-05-15</calendarDay>
        <calendarDay>2019-05-16</calendarDay>
        <calendarDay>2019-05-17</calendarDay>
        <calendarDay>2019-05-20</calendarDay>
        <calendarDay>2019-05-21</calendarDay>
        <calendarDay>2019-05-22</calendarDay>
        <calendarDay>2019-05-23</calendarDay>
        <calendarDay>2019-05-24</calendarDay>
        <calendarDay>2019-05-27</calendarDay>
        <calendarDay>2019-05-28</calendarDay>
        <calendarDay>2019-05-29</calendarDay>
        <calendarDay>2019-06-03</calendarDay>
        <calendarDay>2019-06-04</calendarDay>
        <calendarDay>2019-06-05</calendarDay>
        <calendarDay>2019-06-06</calendarDay>
        <calendarDay>2019-06-07</calendarDay>
        <calendarDay>2019-06-11</calendarDay>
        <calendarDay>2019-06-12</calendarDay>
        <calendarDay>2019-06-13</calendarDay>
        <calendarDay>2019-06-14</calendarDay>
        <calendarDay>2019-06-17</calendarDay>
        <calendarDay>2019-06-18</calendarDay>
        <calendarDay>2019-06-19</calendarDay>
        <calendarDay>2019-06-20</calendarDay>
        <calendarDay>2019-06-21</calendarDay>
        <calendarDay>2019-06-24</calendarDay>
        <calendarDay>2019-06-25</calendarDay>
        <calendarDay>2019-06-26</calendarDay>
        <calendarDay>2019-06-27</calendarDay>
        <calendarDay>2019-06-28</calendarDay>
        <calendarDay>2019-07-01</calendarDay>
        <calendarDay>2019-07-02</calendarDay>
        <calendarDay>2019-07-03</calendarDay>
        <calendarDay>2019-07-04</calendarDay>
        <calendarDay>2019-07-05</calendarDay>
        <dayType>Monday</dayType>
        <dayType>Tuesday</dayType>
        <dayType>Wednesday</dayType>
        <dayType>Thursday</dayType>
        <dayType>Friday</dayType>
        <vehicleJourneyId>teb_:VehicleJourney:206</vehicleJourneyId>
        <comment>2018-19 / LMMeJV Période Scolaire 3/09</comment>
    </Timetable>
    <ChouetteLineDescription>
        <Line>
            <objectId>toutenbus:Line:26</objectId>
            <objectVersion>12</objectVersion>
            <creationTime>2017-06-11T11:06:27</creationTime>
            <creatorId>chouette</creatorId>
            <name>AUBENAS Gare Routière - VALS Collège</name>
            <number>S6</number>
            <publishedName>AUBENAS Gare Routière - VALS Collège</publishedName>
            <transportModeName>Coach</transportModeName>
            <routeId>teb_:Route:21</routeId>
            <routeId>teb_:Route:20</routeId>
            <registration>
                <registrationNumber>26</registrationNumber>
            </registration>
            <ptNetworkIdShortcut>toutenbus:PTNetwork:1</ptNetworkIdShortcut>
        </Line>
        <ChouetteRoute>
            <objectId>teb_:Route:21</objectId>
            <objectVersion>3</objectVersion>
            <creationTime>2016-08-29T17:41:11</creationTime>
            <creatorId>chouette</creatorId>
            <name>VALS Collège - AUBENAS Gare Routière</name>
            <publishedName>VALS Collège - AUBENAS Gare Routière</publishedName>
            <direction>R</direction>
            <ptLinkId>teb_:PtLink:344A345</ptLinkId>
            <ptLinkId>teb_:PtLink:345A346</ptLinkId>
            <ptLinkId>teb_:PtLink:346A347</ptLinkId>
            <ptLinkId>teb_:PtLink:347A348</ptLinkId>
            <journeyPatternId>teb_:JourneyPattern:111</journeyPatternId>
            <wayBackRouteId>teb_:Route:20</wayBackRouteId>
            <RouteExtension>
                <wayBack>R</wayBack>
            </RouteExtension>
        </ChouetteRoute>
        <ChouetteRoute>
            <objectId>teb_:Route:20</objectId>
            <objectVersion>4</objectVersion>
            <creationTime>2016-08-29T17:42:07</creationTime>
            <creatorId>chouette</creatorId>
            <name>AUBENAS Gare Routière - VALS Collège</name>
            <publishedName>AUBENAS Gare Routière - VALS Collège</publishedName>
            <direction>A</direction>
            <ptLinkId>teb_:PtLink:339A340</ptLinkId>
            <ptLinkId>teb_:PtLink:340A341</ptLinkId>
            <ptLinkId>teb_:PtLink:341A342</ptLinkId>
            <ptLinkId>teb_:PtLink:342A343</ptLinkId>
            <journeyPatternId>teb_:JourneyPattern:110</journeyPatternId>
            <wayBackRouteId>teb_:Route:21</wayBackRouteId>
            <RouteExtension>
                <wayBack>A</wayBack>
            </RouteExtension>
        </ChouetteRoute>
        <StopPoint>
            <objectId>teb_:StopPoint:344</objectId>
            <objectVersion>2</objectVersion>
            <creationTime>2016-03-29T20:28:44</creationTime>
            <creatorId>chouette</creatorId>
            <longitude>4.3644099235534670</longitude>
            <latitude>44.6686210632324200</latitude>
            <longLatType>WGS84</longLatType>
            <projectedPoint>
                <X>808145.2541803638450801372528076171875</X>
                <Y>6397546.881215122528374195098876953125</Y>
                <projectionType>EPSG:2154</projectionType>
            </projectedPoint>
            <containedIn>teb_:StopArea:COLLEGE_GOUY</containedIn>
            <name>Collège Georges Gouy</name>
        </StopPoint>
        <StopPoint>
            <objectId>teb_:StopPoint:345</objectId>
            <objectVersion>2</objectVersion>
            <creationTime>2016-03-29T20:28:44</creationTime>
            <creatorId>chouette</creatorId>
            <longitude>4.3759489059448240</longitude>
            <latitude>44.6450309753418000</latitude>
            <longLatType>WGS84</longLatType>
            <projectedPoint>
                <X>809105.4175145966000854969024658203125</X>
                <Y>6394942.822350484319031238555908203125</Y>
                <projectionType>EPSG:2154</projectionType>
            </projectedPoint>
            <containedIn>teb_:StopArea:CHAMBOULAS</containedIn>
            <name>Chamboulas</name>
        </StopPoint>
        <StopPoint>
            <objectId>teb_:StopPoint:346</objectId>
            <objectVersion>2</objectVersion>
            <creationTime>2016-03-29T20:28:44</creationTime>
            <creatorId>chouette</creatorId>
            <longitude>4.3830566406250000</longitude>
            <latitude>44.6418113708496100</latitude>
            <longLatType>WGS84</longLatType>
            <projectedPoint>
                <X>809675.229171200538985431194305419921875</X>
                <Y>6394595.096277126111090183258056640625</Y>
                <projectionType>EPSG:2154</projectionType>
            </projectedPoint>
            <containedIn>teb_:StopArea:EGLISE</containedIn>
            <name>Eglise</name>
        </StopPoint>
        <StopPoint>
            <objectId>teb_:StopPoint:347</objectId>
            <objectVersion>2</objectVersion>
            <creationTime>2016-03-29T20:28:44</creationTime>
            <creatorId>chouette</creatorId>
            <longitude>4.3984203338623050</longitude>
            <latitude>44.6278800964355500</latitude>
            <longLatType>WGS84</longLatType>
            <projectedPoint>
                <X>810920.8345070369541645050048828125</X>
                <Y>6393069.33330745436251163482666015625</Y>
                <projectionType>EPSG:2154</projectionType>
            </projectedPoint>
            <containedIn>teb_:StopArea:ECOLE_BAS</containedIn>
            <name>Ecole Du Bas - Pont D'Ucel</name>
        </StopPoint>
        <StopPoint>
            <objectId>teb_:StopPoint:348</objectId>
            <objectVersion>2</objectVersion>
            <creationTime>2016-03-29T20:28:44</creationTime>
            <creatorId>chouette</creatorId>
            <longitude>4.4071364402771000</longitude>
            <latitude>44.6109733581543000</latitude>
            <longLatType>WGS84</longLatType>
            <projectedPoint>
                <X>811645.57599364058114588260650634765625</X>
                <Y>6391203.928769120015203952789306640625</Y>
                <projectionType>EPSG:2154</projectionType>
            </projectedPoint>
            <containedIn>teb_:StopArea:GARE_ROUTIERE</containedIn>
            <name>Gare Routière</name>
        </StopPoint>
        <StopPoint>
            <objectId>teb_:StopPoint:339</objectId>
            <objectVersion>2</objectVersion>
            <creationTime>2016-03-29T20:25:07</creationTime>
            <creatorId>chouette</creatorId>
            <longitude>4.4071364402771000</longitude>
            <latitude>44.6109733581543000</latitude>
            <longLatType>WGS84</longLatType>
            <projectedPoint>
                <X>811645.57599364058114588260650634765625</X>
                <Y>6391203.928769120015203952789306640625</Y>
                <projectionType>EPSG:2154</projectionType>
            </projectedPoint>
            <containedIn>teb_:StopArea:GARE_ROUTIERE</containedIn>
            <name>Gare Routière</name>
        </StopPoint>
        <StopPoint>
            <objectId>teb_:StopPoint:340</objectId>
            <objectVersion>2</objectVersion>
            <creationTime>2016-03-29T20:25:07</creationTime>
            <creatorId>chouette</creatorId>
            <longitude>4.3984203338623050</longitude>
            <latitude>44.6278800964355500</latitude>
            <longLatType>WGS84</longLatType>
            <projectedPoint>
                <X>810920.8345070369541645050048828125</X>
                <Y>6393069.33330745436251163482666015625</Y>
                <projectionType>EPSG:2154</projectionType>
            </projectedPoint>
            <containedIn>teb_:StopArea:ECOLE_BAS</containedIn>
            <name>Ecole Du Bas - Pont D'Ucel</name>
        </StopPoint>
        <StopPoint>
            <objectId>teb_:StopPoint:341</objectId>
            <objectVersion>2</objectVersion>
            <creationTime>2016-03-29T20:25:07</creationTime>
            <creatorId>chouette</creatorId>
            <longitude>4.3830566406250000</longitude>
            <latitude>44.6418113708496100</latitude>
            <longLatType>WGS84</longLatType>
            <projectedPoint>
                <X>809675.229171200538985431194305419921875</X>
                <Y>6394595.096277126111090183258056640625</Y>
                <projectionType>EPSG:2154</projectionType>
            </projectedPoint>
            <containedIn>teb_:StopArea:EGLISE</containedIn>
            <name>Eglise</name>
        </StopPoint>
        <StopPoint>
            <objectId>teb_:StopPoint:342</objectId>
            <objectVersion>2</objectVersion>
            <creationTime>2016-03-29T20:25:07</creationTime>
            <creatorId>chouette</creatorId>
            <longitude>4.3759489059448240</longitude>
            <latitude>44.6450309753418000</latitude>
            <longLatType>WGS84</longLatType>
            <projectedPoint>
                <X>809105.4175145966000854969024658203125</X>
                <Y>6394942.822350484319031238555908203125</Y>
                <projectionType>EPSG:2154</projectionType>
            </projectedPoint>
            <containedIn>teb_:StopArea:CHAMBOULAS</containedIn>
            <name>Chamboulas</name>
        </StopPoint>
        <StopPoint>
            <objectId>teb_:StopPoint:343</objectId>
            <objectVersion>2</objectVersion>
            <creationTime>2016-03-29T20:25:07</creationTime>
            <creatorId>chouette</creatorId>
            <longitude>4.3644099235534670</longitude>
            <latitude>44.6686210632324200</latitude>
            <longLatType>WGS84</longLatType>
            <projectedPoint>
                <X>808145.2541803638450801372528076171875</X>
                <Y>6397546.881215122528374195098876953125</Y>
                <projectionType>EPSG:2154</projectionType>
            </projectedPoint>
            <containedIn>teb_:StopArea:COLLEGE_GOUY</containedIn>
            <name>Collège Georges Gouy</name>
        </StopPoint>
        <PtLink>
            <objectId>teb_:PtLink:344A345</objectId>
            <objectVersion>1</objectVersion>
            <creationTime>2018-11-27T12:58:43</creationTime>
            <startOfLink>teb_:StopPoint:344</startOfLink>
            <endOfLink>teb_:StopPoint:345</endOfLink>
        </PtLink>
        <PtLink>
            <objectId>teb_:PtLink:345A346</objectId>
            <objectVersion>1</objectVersion>
            <creationTime>2018-11-27T12:58:43</creationTime>
            <startOfLink>teb_:StopPoint:345</startOfLink>
            <endOfLink>teb_:StopPoint:346</endOfLink>
        </PtLink>
        <PtLink>
            <objectId>teb_:PtLink:346A347</objectId>
            <objectVersion>1</objectVersion>
            <creationTime>2018-11-27T12:58:43</creationTime>
            <startOfLink>teb_:StopPoint:346</startOfLink>
            <endOfLink>teb_:StopPoint:347</endOfLink>
        </PtLink>
        <PtLink>
            <objectId>teb_:PtLink:347A348</objectId>
            <objectVersion>1</objectVersion>
            <creationTime>2018-11-27T12:58:43</creationTime>
            <startOfLink>teb_:StopPoint:347</startOfLink>
            <endOfLink>teb_:StopPoint:348</endOfLink>
        </PtLink>
        <PtLink>
            <objectId>teb_:PtLink:339A340</objectId>
            <objectVersion>1</objectVersion>
            <creationTime>2018-11-27T12:58:43</creationTime>
            <startOfLink>teb_:StopPoint:339</startOfLink>
            <endOfLink>teb_:StopPoint:340</endOfLink>
        </PtLink>
        <PtLink>
            <objectId>teb_:PtLink:340A341</objectId>
            <objectVersion>1</objectVersion>
            <creationTime>2018-11-27T12:58:43</creationTime>
            <startOfLink>teb_:StopPoint:340</startOfLink>
            <endOfLink>teb_:StopPoint:341</endOfLink>
        </PtLink>
        <PtLink>
            <objectId>teb_:PtLink:341A342</objectId>
            <objectVersion>1</objectVersion>
            <creationTime>2018-11-27T12:58:43</creationTime>
            <startOfLink>teb_:StopPoint:341</startOfLink>
            <endOfLink>teb_:StopPoint:342</endOfLink>
        </PtLink>
        <PtLink>
            <objectId>teb_:PtLink:342A343</objectId>
            <objectVersion>1</objectVersion>
            <creationTime>2018-11-27T12:58:43</creationTime>
            <startOfLink>teb_:StopPoint:342</startOfLink>
            <endOfLink>teb_:StopPoint:343</endOfLink>
        </PtLink>
        <JourneyPattern>
            <objectId>teb_:JourneyPattern:111</objectId>
            <objectVersion>28</objectVersion>
            <creationTime>2016-09-01T12:35:24</creationTime>
            <creatorId>chouette</creatorId>
            <name>AUBENAS Gare Routière</name>
            <publishedName>AUBENAS Gare Routière</publishedName>
            <routeId>teb_:Route:21</routeId>
            <origin>teb_:StopPoint:344</origin>
            <destination>teb_:StopPoint:348</destination>
            <stopPointList>teb_:StopPoint:344</stopPointList>
            <stopPointList>teb_:StopPoint:345</stopPointList>
            <stopPointList>teb_:StopPoint:346</stopPointList>
            <stopPointList>teb_:StopPoint:347</stopPointList>
            <stopPointList>teb_:StopPoint:348</stopPointList>
            <comment></comment>
        </JourneyPattern>
        <JourneyPattern>
            <objectId>teb_:JourneyPattern:110</objectId>
            <objectVersion>29</objectVersion>
            <creationTime>2016-09-01T12:35:35</creationTime>
            <creatorId>chouette</creatorId>
            <name>VALS Collège</name>
            <publishedName>VALS Collège</publishedName>
            <routeId>teb_:Route:20</routeId>
            <origin>teb_:StopPoint:339</origin>
            <destination>teb_:StopPoint:343</destination>
            <stopPointList>teb_:StopPoint:339</stopPointList>
            <stopPointList>teb_:StopPoint:340</stopPointList>
            <stopPointList>teb_:StopPoint:341</stopPointList>
            <stopPointList>teb_:StopPoint:342</stopPointList>
            <stopPointList>teb_:StopPoint:343</stopPointList>
            <comment></comment>
        </JourneyPattern>
        <VehicleJourney>
            <objectId>teb_:VehicleJourney:207</objectId>
            <objectVersion>7</objectVersion>
            <creationTime>2018-08-26T22:55:55</creationTime>
            <creatorId>chouette</creatorId>
            <routeId>teb_:Route:21</routeId>
            <journeyPatternId>teb_:JourneyPattern:111</journeyPatternId>
            <publishedJourneyName>AUBENAS Gare Routière</publishedJourneyName>
            <transportMode>Coach</transportMode>
            <number>26021</number>
            <vehicleJourneyAtStop>
                <stopPointId>teb_:StopPoint:344</stopPointId>
                <vehicleJourneyId>teb_:VehicleJourney:207</vehicleJourneyId>
                <arrivalTime>13:00:00</arrivalTime>
                <departureTime>13:00:00</departureTime>
                <order>1</order>
            </vehicleJourneyAtStop>
            <vehicleJourneyAtStop>
                <stopPointId>teb_:StopPoint:345</stopPointId>
                <vehicleJourneyId>teb_:VehicleJourney:207</vehicleJourneyId>
                <arrivalTime>13:05:00</arrivalTime>
                <departureTime>13:05:00</departureTime>
                <order>2</order>
            </vehicleJourneyAtStop>
            <vehicleJourneyAtStop>
                <stopPointId>teb_:StopPoint:346</stopPointId>
                <vehicleJourneyId>teb_:VehicleJourney:207</vehicleJourneyId>
                <arrivalTime>13:10:00</arrivalTime>
                <departureTime>13:10:00</departureTime>
                <order>3</order>
            </vehicleJourneyAtStop>
            <vehicleJourneyAtStop>
                <stopPointId>teb_:StopPoint:347</stopPointId>
                <vehicleJourneyId>teb_:VehicleJourney:207</vehicleJourneyId>
                <arrivalTime>13:20:00</arrivalTime>
                <departureTime>13:20:00</departureTime>
                <order>4</order>
            </vehicleJourneyAtStop>
            <vehicleJourneyAtStop>
                <stopPointId>teb_:StopPoint:348</stopPointId>
                <vehicleJourneyId>teb_:VehicleJourney:207</vehicleJourneyId>
                <arrivalTime>13:23:00</arrivalTime>
                <departureTime>13:23:00</departureTime>
                <order>5</order>
            </vehicleJourneyAtStop>
        </VehicleJourney>
        <VehicleJourney>
            <objectId>teb_:VehicleJourney:208</objectId>
            <objectVersion>9</objectVersion>
            <creationTime>2018-08-26T22:56:05</creationTime>
            <creatorId>chouette</creatorId>
            <routeId>teb_:Route:21</routeId>
            <journeyPatternId>teb_:JourneyPattern:111</journeyPatternId>
            <publishedJourneyName>AUBENAS Gare Routière</publishedJourneyName>
            <transportMode>Coach</transportMode>
            <number>26041</number>
            <vehicleJourneyAtStop>
                <stopPointId>teb_:StopPoint:344</stopPointId>
                <vehicleJourneyId>teb_:VehicleJourney:208</vehicleJourneyId>
                <arrivalTime>16:30:00</arrivalTime>
                <departureTime>16:30:00</departureTime>
                <order>1</order>
            </vehicleJourneyAtStop>
            <vehicleJourneyAtStop>
                <stopPointId>teb_:StopPoint:345</stopPointId>
                <vehicleJourneyId>teb_:VehicleJourney:208</vehicleJourneyId>
                <arrivalTime>16:35:00</arrivalTime>
                <departureTime>16:35:00</departureTime>
                <order>2</order>
            </vehicleJourneyAtStop>
            <vehicleJourneyAtStop>
                <stopPointId>teb_:StopPoint:346</stopPointId>
                <vehicleJourneyId>teb_:VehicleJourney:208</vehicleJourneyId>
                <arrivalTime>16:40:00</arrivalTime>
                <departureTime>16:40:00</departureTime>
                <order>3</order>
            </vehicleJourneyAtStop>
            <vehicleJourneyAtStop>
                <stopPointId>teb_:StopPoint:347</stopPointId>
                <vehicleJourneyId>teb_:VehicleJourney:208</vehicleJourneyId>
                <arrivalTime>16:50:00</arrivalTime>
                <departureTime>16:50:00</departureTime>
                <order>4</order>
            </vehicleJourneyAtStop>
            <vehicleJourneyAtStop>
                <stopPointId>teb_:StopPoint:348</stopPointId>
                <vehicleJourneyId>teb_:VehicleJourney:208</vehicleJourneyId>
                <arrivalTime>16:53:00</arrivalTime>
                <departureTime>16:53:00</departureTime>
                <order>5</order>
            </vehicleJourneyAtStop>
        </VehicleJourney>
        <VehicleJourney>
            <objectId>teb_:VehicleJourney:206</objectId>
            <objectVersion>6</objectVersion>
            <creationTime>2018-08-26T22:55:43</creationTime>
            <creatorId>chouette</creatorId>
            <routeId>teb_:Route:20</routeId>
            <journeyPatternId>teb_:JourneyPattern:110</journeyPatternId>
            <publishedJourneyName>VALS Collège</publishedJourneyName>
            <transportMode>Coach</transportMode>
            <number>26001</number>
            <vehicleJourneyAtStop>
                <stopPointId>teb_:StopPoint:339</stopPointId>
                <vehicleJourneyId>teb_:VehicleJourney:206</vehicleJourneyId>
                <arrivalTime>07:40:00</arrivalTime>
                <departureTime>07:40:00</departureTime>
                <order>1</order>
            </vehicleJourneyAtStop>
            <vehicleJourneyAtStop>
                <stopPointId>teb_:StopPoint:340</stopPointId>
                <vehicleJourneyId>teb_:VehicleJourney:206</vehicleJourneyId>
                <arrivalTime>07:43:00</arrivalTime>
                <departureTime>07:43:00</departureTime>
                <order>2</order>
            </vehicleJourneyAtStop>
            <vehicleJourneyAtStop>
                <stopPointId>teb_:StopPoint:341</stopPointId>
                <vehicleJourneyId>teb_:VehicleJourney:206</vehicleJourneyId>
                <arrivalTime>07:48:00</arrivalTime>
                <departureTime>07:48:00</departureTime>
                <order>3</order>
            </vehicleJourneyAtStop>
            <vehicleJourneyAtStop>
                <stopPointId>teb_:StopPoint:342</stopPointId>
                <vehicleJourneyId>teb_:VehicleJourney:206</vehicleJourneyId>
                <arrivalTime>07:53:00</arrivalTime>
                <departureTime>07:53:00</departureTime>
                <order>4</order>
            </vehicleJourneyAtStop>
            <vehicleJourneyAtStop>
                <stopPointId>teb_:StopPoint:343</stopPointId>
                <vehicleJourneyId>teb_:VehicleJourney:206</vehicleJourneyId>
                <arrivalTime>08:00:00</arrivalTime>
                <departureTime>08:00:00</departureTime>
                <order>5</order>
            </vehicleJourneyAtStop>
        </VehicleJourney>
    </ChouetteLineDescription>
</ChouettePTNetwork>
