<?xml version="1.0" encoding="UTF-8"?>
<PublicationDelivery xmlns="http://www.netex.org.uk/netex"
    xmlns:siri="http://www.siri.org.uk/siri" xmlns:core="http://www.govtalk.gov.uk/core"
    xmlns:gml="http://www.opengis.net/gml/3.2" xmlns:ifopt="http://www.ifopt.org.uk/ifopt"
    xmlns:xlink="http://www.w3.org/1999/xlink" xmlns:xsi="http://www.w3.org/2001/XMLSchema-instance"
    version="1.0">
    <PublicationTimestamp>2017-02-14T09:13:51.0</PublicationTimestamp>
    <ParticipantRef>CITYWAY</ParticipantRef>
    <dataObjects>
        <GeneralFrame id="CITYWAY:GeneralFrame:NETEX_CALENDRIER-1_20170214090012:LOC"
            version="any">
            <TypeOfFrameRef ref="NETEX_CALENDRIER"/>
            <ValidBetween>
                <FromDate>2017-03-01</FromDate>
                <ToDate>2017-03-31</ToDate>
            </ValidBetween>
            <members>
                <dayTypes>
                    <DayType id="CITYWAY:DayType:1:LOC"  version="any" >
                        <Name>Semaine</Name>
                        <properties>
                            <PropertyOfDay>
                                <DaysOfWeek>Monday</DaysOfWeek>
                            </PropertyOfDay>
                            <PropertyOfDay>
                                <DaysOfWeek>Tuesday</DaysOfWeek>
                            </PropertyOfDay>
                            <PropertyOfDay>
                                <DaysOfWeek>Wednesday</DaysOfWeek>
                            </PropertyOfDay>
                            <PropertyOfDay>
                                <DaysOfWeek>Thursday</DaysOfWeek>
                            </PropertyOfDay>
                            <PropertyOfDay>
                                <DaysOfWeek>Friday</DaysOfWeek>
                            </PropertyOfDay>
                        </properties>
                    </DayType>
                    <DayType id="CITYWAY:DayType:2:LOC"  version="any" >
                        <Name>Fin de semaine</Name>
                        <properties>
                            <PropertyOfDay>
                                <DaysOfWeek>Saturday</DaysOfWeek>
                            </PropertyOfDay>
                            <PropertyOfDay>
                                <DaysOfWeek>Sunday</DaysOfWeek>
                            </PropertyOfDay>
                        </properties>
                    </DayType>
                    <DayType id="CITYWAY:DayType:3:LOC"  version="any" >
                        <Name>Service spécial</Name>
                    </DayType>
                    <DayType id="CITYWAY:DayType:4:LOC"  version="any" >
                        <Name>Restriction</Name>
                    </DayType>
                </dayTypes>
                <dayTypeAssignments>
                    <DayTypeAssignment version="any" >
                        <OperatingPeriodRef ref="CITYWAY:OperatingPeriod:1:LOC" version="any"/>
                        <DayTypeRef ref="CITYWAY:DayType:1:LOC" version="any"/>
                    </DayTypeAssignment>
                    <DayTypeAssignment version="any" >
                        <OperatingPeriodRef ref="CITYWAY:OperatingPeriod:1:LOC" version="any"/>
                        <DayTypeRef ref="CITYWAY:DayType:2:LOC" version="any"/>
                    </DayTypeAssignment>
                    <DayTypeAssignment version="any" >
                        <Date>2017-03-15</Date>
                        <DayTypeRef ref="CITYWAY:DayType:3:LOC" version="any"/>
                        <isAvailable>true</isAvailable>
                    </DayTypeAssignment>
                    <DayTypeAssignment version="any" >
                        <Date>2017-03-15</Date>
                        <DayTypeRef ref="CITYWAY:DayType:4:LOC" version="any"/>
                        <isAvailable>false</isAvailable>
                    </DayTypeAssignment>
                </dayTypeAssignments>
                <operatingPeriods>
                    <OperatingPeriod id="CITYWAY:OperatingPeriod:1:LOC" version="any" >
                        <FromDate>2017-01-01</FromDate>
                        <ToDate>2017-12-31</ToDate>
                    </OperatingPeriod>
                </operatingPeriods>
            </members>
        </GeneralFrame>
    </dataObjects>
</PublicationDelivery>
