<?xml version="1.0" encoding="UTF-8"?>
<foo:PublicationDelivery xmlns:xsi="http://www.w3.org/2001/XMLSchema-instance"
    xsi:schemaLocation="http://www.netex.org.uk/netex ../../xsd/NeTEx_publication.xsd" xmlns:foo="http://www.netex.org.uk/netex"
    xmlns:xlink="http://www.w3.org/1999/xlink" xmlns:ifopt="http://www.ifopt.org.uk/ifopt"
    xmlns:gml="http://www.opengis.net/gml/3.2" xmlns:core="http://www.govtalk.gov.uk/core"
    xmlns:siri="http://www.siri.org.uk/siri" version="1.0">
    <foo:PublicationTimestamp>2017-02-14T09:13:51.0</foo:PublicationTimestamp>
    <foo:ParticipantRef>CITYWAY</foo:ParticipantRef>
    <foo:dataObjects>
        <foo:GeneralFrame id="CITYWAY:GeneralFrame:NETEX_CALENDRIER-1_20170214090012:LOC" version="any">
            <foo:ValidBetween>
                <foo:FromDate>2017-04-01T00:00:00</foo:FromDate>
                <foo:ToDate>2017-12-31T00:00:00</foo:ToDate>
            </foo:ValidBetween>
            <foo:TypeOfFrameRef ref="NETEX_CALENDRIER"/>
            <foo:members>
                <foo:DayType id="CITYWAY:DayType:1:LOC" version="any">
                    <foo:Name>Semaine</foo:Name>
                    <foo:properties>
                        <foo:PropertyOfDay>
                            <foo:DaysOfWeek>Monday</foo:DaysOfWeek>
                        </foo:PropertyOfDay>
                        <foo:PropertyOfDay>
                            <foo:DaysOfWeek>Tuesday</foo:DaysOfWeek>
                        </foo:PropertyOfDay>
                        <foo:PropertyOfDay>
                            <foo:DaysOfWeek>Wednesday</foo:DaysOfWeek>
                        </foo:PropertyOfDay>
                        <foo:PropertyOfDay>
                            <foo:DaysOfWeek>Thursday</foo:DaysOfWeek>
                        </foo:PropertyOfDay>
                        <foo:PropertyOfDay>
                            <foo:DaysOfWeek>Friday</foo:DaysOfWeek>
                        </foo:PropertyOfDay>
                    </foo:properties>
                </foo:DayType>
                <foo:DayType id="CITYWAY:DayType:2:LOC" version="any">
                    <foo:Name>Fin de semaine</foo:Name>
                    <foo:properties>
                        <foo:PropertyOfDay>
                            <foo:DaysOfWeek>Saturday</foo:DaysOfWeek>
                        </foo:PropertyOfDay>
                        <foo:PropertyOfDay>
                            <foo:DaysOfWeek>Sunday</foo:DaysOfWeek>
                        </foo:PropertyOfDay>
                    </foo:properties>
                </foo:DayType>
                <foo:DayType id="CITYWAY:DayType:3:LOC" version="any">
                    <foo:Name>Service spécial</foo:Name>
                </foo:DayType>
                <foo:DayType id="CITYWAY:DayType:4:LOC" version="any">
                    <foo:Name>Restriction</foo:Name>
                </foo:DayType>
                <foo:DayTypeAssignment id="dta1" version="any" order="0">
                    <foo:OperatingPeriodRef ref="CITYWAY:OperatingPeriod:1:LOC" version="any"/>
                    <foo:DayTypeRef ref="CITYWAY:DayType:1:LOC" version="any"/>
                </foo:DayTypeAssignment>
                <foo:DayTypeAssignment id="dta2" version="any" order="0">
                    <foo:OperatingPeriodRef ref="CITYWAY:OperatingPeriod:1:LOC" version="any"/>
                    <foo:DayTypeRef ref="CITYWAY:DayType:2:LOC" version="any"/>
                </foo:DayTypeAssignment>
                <foo:DayTypeAssignment id="dta3" version="any" order="0">
                    <foo:Date>2017-03-15</foo:Date>
                    <foo:DayTypeRef ref="CITYWAY:DayType:3:LOC" version="any"/>
                    <foo:isAvailable>true</foo:isAvailable>
                </foo:DayTypeAssignment>
                <foo:DayTypeAssignment id="dta4" version="any" order="0">
                    <foo:Date>2017-03-15</foo:Date>
                    <foo:DayTypeRef ref="CITYWAY:DayType:4:LOC" version="any"/>
                    <foo:isAvailable>false</foo:isAvailable>
                </foo:DayTypeAssignment>
                <foo:OperatingPeriod id="CITYWAY:OperatingPeriod:1:LOC" version="any">
                    <foo:FromDate>2017-01-01T00:00:00</foo:FromDate>
                    <foo:ToDate>2017-12-31T00:00:00</foo:ToDate>
                </foo:OperatingPeriod>

            </foo:members>
        </foo:GeneralFrame>
    </foo:dataObjects>
</foo:PublicationDelivery>
