﻿<?xml version="1.0" encoding="utf-8"?>
<ChouettePTNetwork xmlns:xsd="http://www.w3.org/2001/XMLSchema" xmlns:xsi="http://www.w3.org/2001/XMLSchema-instance" xmlns:ifopt="http://www.ifopt.org.uk/acsb" xmlns:siri="http://www.siri.org.uk/siri" xmlns="http://www.trident.org/schema/trident">
  <PTNetwork>
    <objectId>AEROCAR:PTNetwork:17</objectId>
    <objectVersion>1</objectVersion>
    <versionDate>2017-07-06</versionDate>
    <name>AEROCAR</name>
    <registration>
      <registrationNumber>17</registrationNumber>
    </registration>
  </PTNetwork>
  <GroupOfLine>
    <objectId>AEROCAR:GroupOfLine:1</objectId>
    <objectVersion>1</objectVersion>
    <name>REG</name>
    <lineId>AEROCAR:Line:01</lineId>
    <comment />
  </GroupOfLine>
  <Company>
    <objectId>AEROCAR:Company:VFD</objectId>
    <objectVersion>1</objectVersion>
    <name>VFD AEROCAR</name>
    <registration>
      <registrationNumber>1</registrationNumber>
    </registration>
  </Company>
  <ChouetteArea>
    <StopArea>
      <objectId>ITINISERE:StopArea:log58657</objectId>
      <objectVersion>1</objectVersion>
      <name>PRESQU'ILE</name>
      <contains>AEROCAR:StopArea:gen7</contains>
      <StopAreaExtension>
        <areaType>StopPlace</areaType>
      </StopAreaExtension>
    </StopArea>
    <StopArea>
      <objectId>AEROCAR:StopArea:gen7</objectId>
      <objectVersion>1</objectVersion>
      <name>GRENOBLE PRESQU'ÎLE</name>
      <contains>AEROCAR:StopArea:13437</contains>
      <centroidOfArea>AEROCAR:Place:gen7</centroidOfArea>
      <StopAreaExtension>
        <areaType>CommercialStopPoint</areaType>
        <nearestTopicName>GRENOBLE</nearestTopicName>
        <fareCode>65</fareCode>
      </StopAreaExtension>
    </StopArea>
    <StopArea>
      <objectId>AEROCAR:StopArea:13437</objectId>
      <objectVersion>1</objectVersion>
      <name>PRESQU'ÎLE</name>
      <contains>AEROCAR:StopPoint:1</contains>
      <contains>AEROCAR:StopPoint:10</contains>
      <centroidOfArea>AEROCAR:Place:13437</centroidOfArea>
      <comment>130007</comment>
      <StopAreaExtension>
        <areaType>BoardingPosition</areaType>
        <fareCode>0</fareCode>
        <mobilityRestrictedSuitability>true</mobilityRestrictedSuitability>
      </StopAreaExtension>
    </StopArea>
    <StopArea>
      <objectId>ITINISERE:StopArea:log66652</objectId>
      <objectVersion>1</objectVersion>
      <name>GARE ROUTIERE</name>
      <contains>AEROCAR:StopArea:gen1</contains>
      <StopAreaExtension>
        <areaType>StopPlace</areaType>
      </StopAreaExtension>
    </StopArea>
    <StopArea>
      <objectId>AEROCAR:StopArea:gen1</objectId>
      <objectVersion>1</objectVersion>
      <name>GARE ROUTIERE</name>
      <contains>AEROCAR:StopArea:3278</contains>
      <centroidOfArea>AEROCAR:Place:gen1</centroidOfArea>
      <StopAreaExtension>
        <areaType>CommercialStopPoint</areaType>
        <nearestTopicName>GRENOBLE</nearestTopicName>
        <fareCode>65</fareCode>
      </StopAreaExtension>
    </StopArea>
    <StopArea>
      <objectId>AEROCAR:StopArea:3278</objectId>
      <objectVersion>1</objectVersion>
      <name>GARE ROUTIERE</name>
      <contains>AEROCAR:StopPoint:2</contains>
      <contains>AEROCAR:StopPoint:9</contains>
      <centroidOfArea>AEROCAR:Place:3278</centroidOfArea>
      <comment>130001</comment>
      <StopAreaExtension>
        <areaType>BoardingPosition</areaType>
        <fareCode>0</fareCode>
        <mobilityRestrictedSuitability>true</mobilityRestrictedSuitability>
      </StopAreaExtension>
    </StopArea>
    <StopArea>
      <objectId>ITINISERE:StopArea:log22854</objectId>
      <objectVersion>1</objectVersion>
      <name>LE RAFOUR</name>
      <contains>AEROCAR:StopArea:gen5</contains>
      <contains>AEROCAR:StopArea:gen6</contains>
      <StopAreaExtension>
        <areaType>StopPlace</areaType>
      </StopAreaExtension>
    </StopArea>
    <StopArea>
      <objectId>AEROCAR:StopArea:gen5</objectId>
      <objectVersion>1</objectVersion>
      <name>CROLLES LE RAFOUR</name>
      <contains>AEROCAR:StopArea:5490</contains>
      <centroidOfArea>AEROCAR:Place:gen5</centroidOfArea>
      <StopAreaExtension>
        <areaType>CommercialStopPoint</areaType>
        <nearestTopicName>CROLLES</nearestTopicName>
        <fareCode>66</fareCode>
      </StopAreaExtension>
    </StopArea>
    <StopArea>
      <objectId>AEROCAR:StopArea:5490</objectId>
      <objectVersion>1</objectVersion>
      <name>LE RAFOUR</name>
      <contains>AEROCAR:StopPoint:3</contains>
      <centroidOfArea>AEROCAR:Place:5490</centroidOfArea>
      <comment>130005</comment>
      <StopAreaExtension>
        <areaType>BoardingPosition</areaType>
        <fareCode>0</fareCode>
        <mobilityRestrictedSuitability>true</mobilityRestrictedSuitability>
      </StopAreaExtension>
    </StopArea>
    <StopArea>
      <objectId>ITINISERE:StopArea:log22103</objectId>
      <objectVersion>1</objectVersion>
      <name>GARE CHAMBERY</name>
      <contains>AEROCAR:StopArea:gen2</contains>
      <contains>AEROCAR:StopArea:gen3</contains>
      <StopAreaExtension>
        <areaType>StopPlace</areaType>
      </StopAreaExtension>
    </StopArea>
    <StopArea>
      <objectId>AEROCAR:StopArea:gen2</objectId>
      <objectVersion>1</objectVersion>
      <name>GARE CHAMBERY</name>
      <contains>AEROCAR:StopArea:10460</contains>
      <centroidOfArea>AEROCAR:Place:gen2</centroidOfArea>
      <StopAreaExtension>
        <areaType>CommercialStopPoint</areaType>
        <nearestTopicName>CHAMBERY</nearestTopicName>
        <fareCode>83</fareCode>
      </StopAreaExtension>
    </StopArea>
    <StopArea>
      <objectId>AEROCAR:StopArea:10460</objectId>
      <objectVersion>1</objectVersion>
      <name>GARE CHAMBERY</name>
      <contains>AEROCAR:StopPoint:4</contains>
      <centroidOfArea>AEROCAR:Place:10460</centroidOfArea>
      <comment>130002</comment>
      <StopAreaExtension>
        <areaType>BoardingPosition</areaType>
        <fareCode>0</fareCode>
        <mobilityRestrictedSuitability>true</mobilityRestrictedSuitability>
      </StopAreaExtension>
    </StopArea>
    <StopArea>
      <objectId>ITINISERE:StopArea:log15626</objectId>
      <objectVersion>1</objectVersion>
      <name>AEROPORT GENEVE</name>
      <contains>AEROCAR:StopArea:gen4</contains>
      <StopAreaExtension>
        <areaType>StopPlace</areaType>
      </StopAreaExtension>
    </StopArea>
    <StopArea>
      <objectId>AEROCAR:StopArea:gen4</objectId>
      <objectVersion>1</objectVersion>
      <name>AEROPORT GENEVE</name>
      <contains>AEROCAR:StopArea:13436</contains>
      <centroidOfArea>AEROCAR:Place:gen4</centroidOfArea>
      <StopAreaExtension>
        <areaType>CommercialStopPoint</areaType>
        <nearestTopicName>Genève</nearestTopicName>
        <fareCode>0</fareCode>
      </StopAreaExtension>
    </StopArea>
    <StopArea>
      <objectId>AEROCAR:StopArea:13436</objectId>
      <objectVersion>1</objectVersion>
      <name>AEROPORT GENEVE</name>
      <contains>AEROCAR:StopPoint:5</contains>
      <contains>AEROCAR:StopPoint:6</contains>
      <centroidOfArea>AEROCAR:Place:13436</centroidOfArea>
      <comment>130004</comment>
      <StopAreaExtension>
        <areaType>BoardingPosition</areaType>
        <fareCode>0</fareCode>
        <mobilityRestrictedSuitability>true</mobilityRestrictedSuitability>
      </StopAreaExtension>
    </StopArea>
    <StopArea>
      <objectId>AEROCAR:StopArea:gen3</objectId>
      <objectVersion>1</objectVersion>
      <name>GARE CHAMBERY</name>
      <contains>AEROCAR:StopArea:10462</contains>
      <centroidOfArea>AEROCAR:Place:gen3</centroidOfArea>
      <StopAreaExtension>
        <areaType>CommercialStopPoint</areaType>
        <nearestTopicName>CHAMBERY</nearestTopicName>
        <fareCode>83</fareCode>
      </StopAreaExtension>
    </StopArea>
    <StopArea>
      <objectId>AEROCAR:StopArea:10462</objectId>
      <objectVersion>1</objectVersion>
      <name>GARE CHAMBERY</name>
      <contains>AEROCAR:StopPoint:7</contains>
      <centroidOfArea>AEROCAR:Place:10462</centroidOfArea>
      <comment>130003</comment>
      <StopAreaExtension>
        <areaType>BoardingPosition</areaType>
        <fareCode>0</fareCode>
        <mobilityRestrictedSuitability>true</mobilityRestrictedSuitability>
      </StopAreaExtension>
    </StopArea>
    <StopArea>
      <objectId>AEROCAR:StopArea:gen6</objectId>
      <objectVersion>1</objectVersion>
      <name>CROLLES LE RAFOUR</name>
      <contains>AEROCAR:StopArea:5491</contains>
      <centroidOfArea>AEROCAR:Place:gen6</centroidOfArea>
      <StopAreaExtension>
        <areaType>CommercialStopPoint</areaType>
        <nearestTopicName>CROLLES</nearestTopicName>
        <fareCode>66</fareCode>
      </StopAreaExtension>
    </StopArea>
    <StopArea>
      <objectId>AEROCAR:StopArea:5491</objectId>
      <objectVersion>1</objectVersion>
      <name>LE RAFOUR</name>
      <contains>AEROCAR:StopPoint:8</contains>
      <centroidOfArea>AEROCAR:Place:5491</centroidOfArea>
      <comment>130006</comment>
      <StopAreaExtension>
        <areaType>BoardingPosition</areaType>
        <fareCode>0</fareCode>
        <mobilityRestrictedSuitability>true</mobilityRestrictedSuitability>
      </StopAreaExtension>
    </StopArea>
    <AreaCentroid>
      <objectId>AEROCAR:Place:13437</objectId>
      <objectVersion>1</objectVersion>
      <longitude>5.7003593772</longitude>
      <latitude>45.2053386886</latitude>
      <longLatType>WGS84</longLatType>
      <address>
        <countryCode>38185</countryCode>
      </address>
      <projectedPoint>
        <X>864266.1916398</X>
        <Y>2028408.36229611</Y>
        <projectionType>EPSG:27572</projectionType>
      </projectedPoint>
      <containedIn>AEROCAR:StopArea:13437</containedIn>
      <name>PRESQU'ÎLE</name>
    </AreaCentroid>
    <AreaCentroid>
      <objectId>AEROCAR:Place:gen7</objectId>
      <objectVersion>1</objectVersion>
      <longitude>5.7003593772</longitude>
      <latitude>45.2053386886</latitude>
      <longLatType>WGS84</longLatType>
      <address>
        <countryCode>38185</countryCode>
      </address>
      <projectedPoint>
        <X>864266.1916398</X>
        <Y>2028408.36229611</Y>
        <projectionType>EPSG:27572</projectionType>
      </projectedPoint>
      <containedIn>AEROCAR:StopArea:gen7</containedIn>
      <name>GRENOBLE PRESQU'ÎLE</name>
    </AreaCentroid>
    <AreaCentroid>
      <objectId>AEROCAR:Place:3278</objectId>
      <objectVersion>1</objectVersion>
      <longitude>5.7145480798</longitude>
      <latitude>45.1928138372</latitude>
      <longLatType>WGS84</longLatType>
      <address>
        <countryCode>38185</countryCode>
      </address>
      <projectedPoint>
        <X>865440.004138771</X>
        <Y>2027065.11229007</Y>
        <projectionType>EPSG:27572</projectionType>
      </projectedPoint>
      <containedIn>AEROCAR:StopArea:3278</containedIn>
      <name>GARE ROUTIERE</name>
    </AreaCentroid>
    <AreaCentroid>
      <objectId>AEROCAR:Place:gen1</objectId>
      <objectVersion>1</objectVersion>
      <longitude>5.7145480798</longitude>
      <latitude>45.1928138372</latitude>
      <longLatType>WGS84</longLatType>
      <address>
        <countryCode>38185</countryCode>
      </address>
      <projectedPoint>
        <X>865440.004138771</X>
        <Y>2027065.11229007</Y>
        <projectionType>EPSG:27572</projectionType>
      </projectedPoint>
      <containedIn>AEROCAR:StopArea:gen1</containedIn>
      <name>GARE ROUTIERE</name>
    </AreaCentroid>
    <AreaCentroid>
      <objectId>AEROCAR:Place:5490</objectId>
      <objectVersion>1</objectVersion>
      <longitude>5.8929366736</longitude>
      <latitude>45.2697045565</latitude>
      <longLatType>WGS84</longLatType>
      <address>
        <countryCode>38140</countryCode>
      </address>
      <projectedPoint>
        <X>879061.754126607</X>
        <Y>2036222.11230292</Y>
        <projectionType>EPSG:27572</projectionType>
      </projectedPoint>
      <containedIn>AEROCAR:StopArea:5490</containedIn>
      <name>LE RAFOUR</name>
    </AreaCentroid>
    <AreaCentroid>
      <objectId>AEROCAR:Place:gen5</objectId>
      <objectVersion>1</objectVersion>
      <longitude>5.8929366736</longitude>
      <latitude>45.2697045565</latitude>
      <longLatType>WGS84</longLatType>
      <address>
        <countryCode>38140</countryCode>
      </address>
      <projectedPoint>
        <X>879061.754126607</X>
        <Y>2036222.11230292</Y>
        <projectionType>EPSG:27572</projectionType>
      </projectedPoint>
      <containedIn>AEROCAR:StopArea:gen5</containedIn>
      <name>CROLLES LE RAFOUR</name>
    </AreaCentroid>
    <AreaCentroid>
      <objectId>AEROCAR:Place:10460</objectId>
      <objectVersion>1</objectVersion>
      <longitude>5.9192332286</longitude>
      <latitude>45.5713354594</latitude>
      <longLatType>WGS84</longLatType>
      <address>
        <countryCode>73065</countryCode>
      </address>
      <projectedPoint>
        <X>879596.254139407</X>
        <Y>2069809.98732283</Y>
        <projectionType>EPSG:27572</projectionType>
      </projectedPoint>
      <containedIn>AEROCAR:StopArea:10460</containedIn>
      <name>GARE CHAMBERY</name>
    </AreaCentroid>
    <AreaCentroid>
      <objectId>AEROCAR:Place:gen2</objectId>
      <objectVersion>1</objectVersion>
      <longitude>5.9192332286</longitude>
      <latitude>45.5713354594</latitude>
      <longLatType>WGS84</longLatType>
      <address>
        <countryCode>73065</countryCode>
      </address>
      <projectedPoint>
        <X>879596.254139407</X>
        <Y>2069809.98732283</Y>
        <projectionType>EPSG:27572</projectionType>
      </projectedPoint>
      <containedIn>AEROCAR:StopArea:gen2</containedIn>
      <name>GARE CHAMBERY</name>
    </AreaCentroid>
    <AreaCentroid>
      <objectId>AEROCAR:Place:13436</objectId>
      <objectVersion>1</objectVersion>
      <longitude>6.1097703137</longitude>
      <latitude>46.2312806339</latitude>
      <longLatType>WGS84</longLatType>
      <address>
        <countryCode>99022</countryCode>
      </address>
      <projectedPoint>
        <X>890935.379156564</X>
        <Y>2143774.48738769</Y>
        <projectionType>EPSG:27572</projectionType>
      </projectedPoint>
      <containedIn>AEROCAR:StopArea:13436</containedIn>
      <name>AEROPORT GENEVE</name>
    </AreaCentroid>
    <AreaCentroid>
      <objectId>AEROCAR:Place:gen4</objectId>
      <objectVersion>1</objectVersion>
      <longitude>6.1097703137</longitude>
      <latitude>46.2312806339</latitude>
      <longLatType>WGS84</longLatType>
      <address>
        <countryCode>99022</countryCode>
      </address>
      <projectedPoint>
        <X>890935.379156564</X>
        <Y>2143774.48738769</Y>
        <projectionType>EPSG:27572</projectionType>
      </projectedPoint>
      <containedIn>AEROCAR:StopArea:gen4</containedIn>
      <name>AEROPORT GENEVE</name>
    </AreaCentroid>
    <AreaCentroid>
      <objectId>AEROCAR:Place:10462</objectId>
      <objectVersion>1</objectVersion>
      <longitude>5.9192221621</longitude>
      <latitude>45.5712637677</latitude>
      <longLatType>WGS84</longLatType>
      <address>
        <countryCode>73065</countryCode>
      </address>
      <projectedPoint>
        <X>879595.754142288</X>
        <Y>2069801.9873265</Y>
        <projectionType>EPSG:27572</projectionType>
      </projectedPoint>
      <containedIn>AEROCAR:StopArea:10462</containedIn>
      <name>GARE CHAMBERY</name>
    </AreaCentroid>
    <AreaCentroid>
      <objectId>AEROCAR:Place:gen3</objectId>
      <objectVersion>1</objectVersion>
      <longitude>5.9192221621</longitude>
      <latitude>45.5712637677</latitude>
      <longLatType>WGS84</longLatType>
      <address>
        <countryCode>73065</countryCode>
      </address>
      <projectedPoint>
        <X>879595.754142288</X>
        <Y>2069801.9873265</Y>
        <projectionType>EPSG:27572</projectionType>
      </projectedPoint>
      <containedIn>AEROCAR:StopArea:gen3</containedIn>
      <name>GARE CHAMBERY</name>
    </AreaCentroid>
    <AreaCentroid>
      <objectId>AEROCAR:Place:5491</objectId>
      <objectVersion>1</objectVersion>
      <longitude>5.8928709581</longitude>
      <latitude>45.2696492503</latitude>
      <longLatType>WGS84</longLatType>
      <address>
        <countryCode>38140</countryCode>
      </address>
      <projectedPoint>
        <X>879056.879123806</X>
        <Y>2036215.73729993</Y>
        <projectionType>EPSG:27572</projectionType>
      </projectedPoint>
      <containedIn>AEROCAR:StopArea:5491</containedIn>
      <name>LE RAFOUR</name>
    </AreaCentroid>
    <AreaCentroid>
      <objectId>AEROCAR:Place:gen6</objectId>
      <objectVersion>1</objectVersion>
      <longitude>5.8928709581</longitude>
      <latitude>45.2696492503</latitude>
      <longLatType>WGS84</longLatType>
      <address>
        <countryCode>38140</countryCode>
      </address>
      <projectedPoint>
        <X>879056.879123806</X>
        <Y>2036215.73729993</Y>
        <projectionType>EPSG:27572</projectionType>
      </projectedPoint>
      <containedIn>AEROCAR:StopArea:gen6</containedIn>
      <name>CROLLES LE RAFOUR</name>
    </AreaCentroid>
  </ChouetteArea>
  <ChouetteLineDescription>
    <Line>
      <objectId>AEROCAR:Line:01</objectId>
      <objectVersion>1</objectVersion>
      <name>AEROCAR Grenoble Crolles Chambery Genève</name>
      <number>01</number>
      <publishedName>AEROCAR Grenoble Crolles Chambery Genève</publishedName>
      <transportModeName>Bus</transportModeName>
      <routeId>AEROCAR:Route:01xA</routeId>
      <routeId>AEROCAR:Route:01xR</routeId>
      <registration>
        <registrationNumber>663</registrationNumber>
      </registration>
    </Line>
    <ChouetteRoute>
      <objectId>AEROCAR:Route:01xA</objectId>
      <objectVersion>1</objectVersion>
      <name>AEROCAR Grenoble Crolles Chambery Genève - Aller</name>
      <direction>A</direction>
      <ptLinkId>AEROCAR:PTLink:1A2</ptLinkId>
      <ptLinkId>AEROCAR:PTLink:2A3</ptLinkId>
      <ptLinkId>AEROCAR:PTLink:3A4</ptLinkId>
      <ptLinkId>AEROCAR:PTLink:4A5</ptLinkId>
      <journeyPatternId>AEROCAR:JourneyPattern:01x1x01</journeyPatternId>
      <journeyPatternId>AEROCAR:JourneyPattern:01x1x02</journeyPatternId>
      <wayBackRouteId>AEROCAR:Route:01xR</wayBackRouteId>
      <RouteExtension>
        <wayBack>A</wayBack>
      </RouteExtension>
    </ChouetteRoute>
    <ChouetteRoute>
      <objectId>AEROCAR:Route:01xR</objectId>
      <objectVersion>1</objectVersion>
      <name>AEROCAR Grenoble Crolles Chambery Genève - Retour</name>
      <direction>R</direction>
      <ptLinkId>AEROCAR:PtLink:6A7</ptLinkId>
      <ptLinkId>AEROCAR:PtLink:7A8</ptLinkId>
      <ptLinkId>AEROCAR:PtLink:8A9</ptLinkId>
      <ptLinkId>AEROCAR:PtLink:9A10</ptLinkId>
      <journeyPatternId>AEROCAR:JourneyPattern:01x2x01</journeyPatternId>
      <journeyPatternId>AEROCAR:JourneyPattern:01x2x02</journeyPatternId>
      <wayBackRouteId>AEROCAR:Route:01xA</wayBackRouteId>
      <RouteExtension>
        <wayBack>R</wayBack>
      </RouteExtension>
    </ChouetteRoute>
    <StopPoint>
      <objectId>AEROCAR:StopPoint:1</objectId>
      <objectVersion>1</objectVersion>
      <longitude>5.7003593772</longitude>
      <latitude>45.2053386886</latitude>
      <longLatType>WGS84</longLatType>
      <containedIn>AEROCAR:StopArea:13437</containedIn>
      <name>PRESQU'ÎLE</name>
    </StopPoint>
    <StopPoint>
      <objectId>AEROCAR:StopPoint:2</objectId>
      <objectVersion>1</objectVersion>
      <longitude>5.7145480798</longitude>
      <latitude>45.1928138372</latitude>
      <longLatType>WGS84</longLatType>
      <containedIn>AEROCAR:StopArea:3278</containedIn>
      <name>GARE ROUTIERE</name>
    </StopPoint>
    <StopPoint>
      <objectId>AEROCAR:StopPoint:3</objectId>
      <objectVersion>1</objectVersion>
      <longitude>5.8929366736</longitude>
      <latitude>45.2697045565</latitude>
      <longLatType>WGS84</longLatType>
      <containedIn>AEROCAR:StopArea:5490</containedIn>
      <name>LE RAFOUR</name>
    </StopPoint>
    <StopPoint>
      <objectId>AEROCAR:StopPoint:4</objectId>
      <objectVersion>1</objectVersion>
      <longitude>5.9192332286</longitude>
      <latitude>45.5713354594</latitude>
      <longLatType>WGS84</longLatType>
      <containedIn>AEROCAR:StopArea:10460</containedIn>
      <name>GARE CHAMBERY</name>
    </StopPoint>
    <StopPoint>
      <objectId>AEROCAR:StopPoint:5</objectId>
      <objectVersion>1</objectVersion>
      <longitude>6.1097703137</longitude>
      <latitude>46.2312806339</latitude>
      <longLatType>WGS84</longLatType>
      <containedIn>AEROCAR:StopArea:13436</containedIn>
      <name>AEROPORT GENEVE</name>
    </StopPoint>
    <StopPoint>
      <objectId>AEROCAR:StopPoint:6</objectId>
      <objectVersion>1</objectVersion>
      <longitude>6.1097703137</longitude>
      <latitude>46.2312806339</latitude>
      <longLatType>WGS84</longLatType>
      <containedIn>AEROCAR:StopArea:13436</containedIn>
      <name>AEROPORT GENEVE</name>
    </StopPoint>
    <StopPoint>
      <objectId>AEROCAR:StopPoint:7</objectId>
      <objectVersion>1</objectVersion>
      <longitude>5.9192221621</longitude>
      <latitude>45.5712637677</latitude>
      <longLatType>WGS84</longLatType>
      <containedIn>AEROCAR:StopArea:10462</containedIn>
      <name>GARE CHAMBERY</name>
    </StopPoint>
    <StopPoint>
      <objectId>AEROCAR:StopPoint:8</objectId>
      <objectVersion>1</objectVersion>
      <longitude>5.8928709581</longitude>
      <latitude>45.2696492503</latitude>
      <longLatType>WGS84</longLatType>
      <containedIn>AEROCAR:StopArea:5491</containedIn>
      <name>LE RAFOUR</name>
    </StopPoint>
    <StopPoint>
      <objectId>AEROCAR:StopPoint:9</objectId>
      <objectVersion>1</objectVersion>
      <longitude>5.7145480798</longitude>
      <latitude>45.1928138372</latitude>
      <longLatType>WGS84</longLatType>
      <containedIn>AEROCAR:StopArea:3278</containedIn>
      <name>GARE ROUTIERE</name>
    </StopPoint>
    <StopPoint>
      <objectId>AEROCAR:StopPoint:10</objectId>
      <objectVersion>1</objectVersion>
      <longitude>5.7003593772</longitude>
      <latitude>45.2053386886</latitude>
      <longLatType>WGS84</longLatType>
      <containedIn>AEROCAR:StopArea:13437</containedIn>
      <name>PRESQU'ÎLE</name>
    </StopPoint>
    <PtLink>
      <objectId>AEROCAR:PTLink:1A2</objectId>
      <startOfLink>AEROCAR:StopPoint:1</startOfLink>
      <endOfLink>AEROCAR:StopPoint:2</endOfLink>
      <Comment>SHOWSTOP</Comment>
    </PtLink>
    <PtLink>
      <objectId>AEROCAR:PTLink:2A3</objectId>
      <startOfLink>AEROCAR:StopPoint:2</startOfLink>
      <endOfLink>AEROCAR:StopPoint:3</endOfLink>
      <Comment>SHOWSTOP</Comment>
    </PtLink>
    <PtLink>
      <objectId>AEROCAR:PTLink:3A4</objectId>
      <startOfLink>AEROCAR:StopPoint:3</startOfLink>
      <endOfLink>AEROCAR:StopPoint:4</endOfLink>
      <Comment>SHOWSTOP</Comment>
    </PtLink>
    <PtLink>
      <objectId>AEROCAR:PTLink:4A5</objectId>
      <startOfLink>AEROCAR:StopPoint:4</startOfLink>
      <endOfLink>AEROCAR:StopPoint:5</endOfLink>
      <Comment>SHOWSTOP</Comment>
    </PtLink>
    <PtLink>
      <objectId>AEROCAR:PtLink:6A7</objectId>
      <startOfLink>AEROCAR:StopPoint:6</startOfLink>
      <endOfLink>AEROCAR:StopPoint:7</endOfLink>
    </PtLink>
    <PtLink>
      <objectId>AEROCAR:PtLink:7A8</objectId>
      <startOfLink>AEROCAR:StopPoint:7</startOfLink>
      <endOfLink>AEROCAR:StopPoint:8</endOfLink>
    </PtLink>
    <PtLink>
      <objectId>AEROCAR:PtLink:8A9</objectId>
      <startOfLink>AEROCAR:StopPoint:8</startOfLink>
      <endOfLink>AEROCAR:StopPoint:9</endOfLink>
    </PtLink>
    <PtLink>
      <objectId>AEROCAR:PtLink:9A10</objectId>
      <startOfLink>AEROCAR:StopPoint:9</startOfLink>
      <endOfLink>AEROCAR:StopPoint:10</endOfLink>
    </PtLink>
    <JourneyPattern>
      <objectId>AEROCAR:JourneyPattern:01x1x01</objectId>
      <objectVersion>1</objectVersion>
      <routeId>AEROCAR:Route:01xA</routeId>
      <stopPointList>AEROCAR:StopPoint:1</stopPointList>
      <stopPointList>AEROCAR:StopPoint:2</stopPointList>
      <stopPointList>AEROCAR:StopPoint:3</stopPointList>
      <stopPointList>AEROCAR:StopPoint:4</stopPointList>
      <stopPointList>AEROCAR:StopPoint:5</stopPointList>
      <registration>
        <registrationNumber>8211</registrationNumber>
      </registration>
      <comment />
    </JourneyPattern>
    <JourneyPattern>
      <objectId>AEROCAR:JourneyPattern:01x1x02</objectId>
      <objectVersion>1</objectVersion>
      <routeId>AEROCAR:Route:01xA</routeId>
      <stopPointList>AEROCAR:StopPoint:2</stopPointList>
      <stopPointList>AEROCAR:StopPoint:3</stopPointList>
      <stopPointList>AEROCAR:StopPoint:4</stopPointList>
      <stopPointList>AEROCAR:StopPoint:5</stopPointList>
      <registration>
        <registrationNumber>8212</registrationNumber>
      </registration>
      <comment />
    </JourneyPattern>
    <JourneyPattern>
      <objectId>AEROCAR:JourneyPattern:01x2x01</objectId>
      <objectVersion>1</objectVersion>
      <routeId>AEROCAR:Route:01xR</routeId>
      <stopPointList>AEROCAR:StopPoint:6</stopPointList>
      <stopPointList>AEROCAR:StopPoint:7</stopPointList>
      <stopPointList>AEROCAR:StopPoint:8</stopPointList>
      <stopPointList>AEROCAR:StopPoint:9</stopPointList>
      <stopPointList>AEROCAR:StopPoint:10</stopPointList>
      <registration>
        <registrationNumber>8213</registrationNumber>
      </registration>
      <comment />
    </JourneyPattern>
    <JourneyPattern>
      <objectId>AEROCAR:JourneyPattern:01x2x02</objectId>
      <objectVersion>1</objectVersion>
      <routeId>AEROCAR:Route:01xR</routeId>
      <stopPointList>AEROCAR:StopPoint:6</stopPointList>
      <stopPointList>AEROCAR:StopPoint:7</stopPointList>
      <stopPointList>AEROCAR:StopPoint:8</stopPointList>
      <stopPointList>AEROCAR:StopPoint:9</stopPointList>
      <registration>
        <registrationNumber>8214</registrationNumber>
      </registration>
      <comment />
    </JourneyPattern>
  </ChouetteLineDescription>
</ChouettePTNetwork>